timestamp,latitude,longitude,altitude,pm25,pm10,temperature,humidity,speed,heading,battery,satellites,gps_status,signal_strength
2026-08-26T18:01:02.150315,19.021521,73.100037,42.1,47.1,69.1,29.1,68.0,4.1,91,99,5,SEARCHING,-55
2026-08-26T18:01:04.150315,19.021541,73.100073,42.1,39.7,84.8,29.1,68.1,4.2,92,99,5,SEARCHING,-54
2026-08-26T18:01:06.150315,19.021562,73.100110,42.2,45.0,77.1,29.1,68.1,4.3,91,99,6,SEARCHING,-54
2026-08-26T18:01:08.150315,19.021583,73.100147,42.3,48.7,81.2,29.1,68.1,4.2,92,99,5,SEARCHING,-54
2026-08-26T18:01:10.150315,19.021604,73.100184,42.3,42.3,76.5,29.1,68.1,4.3,93,99,3,SEARCHING,-55
2026-08-26T18:01:12.150315,19.021624,73.100221,42.4,49.3,80.6,29.1,68.2,4.4,91,99,8,LOCKED,-54
2026-08-26T18:01:14.150315,19.021646,73.100258,42.4,54.0,84.6,29.0,68.2,4.3,93,99,8,LOCKED,-55
2026-08-26T18:01:16.150315,19.021666,73.100295,42.4,40.8,74.2,29.0,68.2,4.3,92,99,9,LOCKED,-55
2026-08-26T18:01:18.150315,19.021687,73.100333,42.4,56.6,84.0,29.1,68.2,4.3,91,99,9,LOCKED,-55
2026-08-26T18:01:20.150315,19.021708,73.100370,42.3,46.1,85.1,29.1,68.1,4.4,91,99,9,LOCKED,-55
2026-08-26T18:01:22.150315,19.021729,73.100408,42.3,54.7,85.0,29.0,68.2,4.5,92,99,9,LOCKED,-55
2026-08-26T18:01:24.150315,19.021751,73.100447,42.3,47.5,75.8,29.0,68.1,4.5,90,99,9,LOCKED,-55
2026-08-26T18:01:26.150315,19.021772,73.100486,42.3,58.4,76.1,29.0,68.1,4.6,90,99,9,LOCKED,-55
2026-08-26T18:01:28.150315,19.021793,73.100525,42.3,48.6,80.4,29.0,68.1,4.6,90,99,9,LOCKED,-55
2026-08-26T18:01:30.150315,19.021815,73.100564,42.3,49.0,77.9,29.0,68.2,4.5,89,99,9,LOCKED,-55
2026-08-26T18:01:32.150315,19.021836,73.100603,42.3,53.8,70.1,29.0,68.2,4.5,90,99,10,LOCKED,-55
2026-08-26T18:01:34.150315,19.021857,73.100642,42.3,52.3,78.2,29.0,68.2,4.6,91,99,10,LOCKED,-55
2026-08-26T18:01:36.150315,19.021879,73.100682,42.4,31.3,38.7,29.0,68.1,4.6,90,99,10,LOCKED,-55
2026-08-26T18:01:38.150315,19.021900,73.100721,42.4,35.4,44.6,29.0,68.2,4.6,89,99,10,LOCKED,-55
2026-08-26T18:01:40.150315,19.021922,73.100760,42.5,35.1,46.0,29.0,68.1,4.6,91,99,9,LOCKED,-55
2026-08-26T18:01:42.150315,19.021943,73.100799,42.6,28.4,53.3,29.0,68.1,4.6,91,99,9,LOCKED,-55
2026-08-26T18:01:44.150315,19.021965,73.100839,42.6,33.8,73.3,29.0,68.1,4.5,91,99,10,LOCKED,-55
2026-08-26T18:01:46.150315,19.021987,73.100877,42.5,34.8,72.0,29.0,68.1,4.5,93,99,10,LOCKED,-55
2026-08-26T18:01:48.150315,19.022008,73.100915,42.5,48.7,52.9,29.0,68.0,4.6,93,99,10,LOCKED,-55
2026-08-26T18:01:50.150315,19.022030,73.100952,42.6,36.3,55.4,29.0,68.0,4.5,95,99,10,LOCKED,-55
2026-08-26T18:01:52.150315,19.022052,73.100989,42.5,48.1,73.5,29.0,68.0,4.5,96,99,10,LOCKED,-55
2026-08-26T18:01:54.150315,19.022074,73.101026,42.6,45.6,73.7,29.0,68.0,4.4,98,99,10,LOCKED,-55
2026-08-26T18:01:56.150315,19.022096,73.101062,42.6,50.3,65.5,29.0,68.0,4.5,98,99,10,LOCKED,-55
2026-08-26T18:01:58.150315,19.022118,73.101099,42.5,47.4,74.9,29.0,68.0,4.6,96,99,11,LOCKED,-55
2026-08-26T18:02:00.150315,19.022140,73.101138,42.5,42.0,72.1,29.0,68.0,4.5,94,99,11,LOCKED,-54
2026-08-26T18:02:02.150315,19.022162,73.101176,42.5,50.5,75.2,29.0,68.1,4.6,93,98,11,LOCKED,-55
2026-08-26T18:02:04.150315,19.022184,73.101214,42.5,54.8,91.8,29.0,68.0,4.7,94,98,11,LOCKED,-55
2026-08-26T18:02:06.150315,19.022206,73.101254,42.5,61.9,76.5,29.0,68.0,4.6,92,98,11,LOCKED,-55
2026-08-26T18:02:08.150315,19.022228,73.101292,42.6,66.6,81.2,29.0,68.0,4.7,93,98,11,LOCKED,-55
2026-08-26T18:02:10.150315,19.022250,73.101332,42.6,50.3,90.6,29.0,68.0,4.7,92,98,12,LOCKED,-55
2026-08-26T18:02:12.150315,19.022272,73.101372,42.6,67.5,91.5,29.0,68.0,4.7,91,98,12,LOCKED,-55
2026-08-26T18:02:14.150315,19.022293,73.101412,42.7,64.6,97.6,29.0,68.0,4.7,91,98,12,LOCKED,-55
2026-08-26T18:02:16.150315,19.022316,73.101452,42.7,62.1,93.5,29.0,68.1,4.7,92,98,12,LOCKED,-56
2026-08-26T18:02:18.150315,19.022338,73.101492,42.7,65.5,106.1,29.0,68.0,4.6,90,98,12,LOCKED,-56
2026-08-26T18:02:20.150315,19.022359,73.101532,42.6,63.1,89.8,29.0,68.1,4.6,89,98,12,LOCKED,-56
2026-08-26T18:02:22.150315,19.022380,73.101571,42.6,75.7,104.2,29.0,68.0,4.6,89,98,12,LOCKED,-56
2026-08-26T18:02:24.150315,19.022402,73.101610,42.6,65.4,108.1,29.0,68.1,4.7,88,98,12,LOCKED,-56
2026-08-26T18:02:26.150315,19.022423,73.101650,42.6,69.7,113.6,29.0,68.1,4.7,90,98,12,LOCKED,-56
2026-08-26T18:02:28.150315,19.022445,73.101689,42.6,74.3,114.1,29.0,68.0,4.7,88,98,12,LOCKED,-56
2026-08-26T18:02:30.150315,19.022466,73.101728,42.6,75.5,107.2,29.0,68.0,4.6,86,98,12,LOCKED,-56
2026-08-26T18:02:32.150315,19.022487,73.101766,42.6,69.3,99.4,29.0,68.0,4.7,84,98,12,LOCKED,-56
2026-08-26T18:02:34.150315,19.022507,73.101804,42.5,68.1,112.6,29.0,68.0,4.7,84,98,12,LOCKED,-56
2026-08-26T18:02:36.150315,19.022529,73.101842,42.4,83.4,122.1,29.0,68.0,4.7,84,98,12,LOCKED,-56
2026-08-26T18:02:38.150315,19.022550,73.101881,42.3,83.7,122.5,29.0,67.9,4.8,86,98,12,LOCKED,-55
2026-08-26T18:02:40.150315,19.022571,73.101921,42.3,76.2,119.7,29.0,67.9,4.9,86,98,13,LOCKED,-55
2026-08-26T18:02:42.150315,19.022593,73.101962,42.2,88.7,114.4,28.9,67.8,4.8,88,98,13,LOCKED,-55
2026-08-26T18:02:44.150315,19.022615,73.102001,42.3,84.1,127.6,28.9,67.9,4.9,87,98,13,LOCKED,-55
2026-08-26T18:02:46.150315,19.022637,73.102042,42.3,85.0,118.0,28.9,67.8,4.8,88,98,13,LOCKED,-55
2026-08-26T18:02:48.150315,19.022658,73.102082,42.4,92.4,134.5,28.9,67.8,4.7,88,98,13,LOCKED,-55
2026-08-26T18:02:50.150315,19.022680,73.102122,42.3,81.7,123.0,28.9,67.8,4.8,89,98,13,LOCKED,-55
2026-08-26T18:02:52.150315,19.022702,73.102162,42.2,88.7,117.9,28.9,67.8,4.8,88,98,13,LOCKED,-55
2026-08-26T18:02:54.150315,19.022724,73.102202,42.3,90.0,116.6,28.9,67.8,4.8,89,98,13,LOCKED,-55
2026-08-26T18:02:56.150315,19.022745,73.102242,42.3,91.4,119.4,28.9,67.8,4.8,88,98,13,LOCKED,-54
2026-08-26T18:02:58.150315,19.022767,73.102282,42.3,93.2,141.0,28.9,67.9,4.8,86,98,13,LOCKED,-54
2026-08-26T18:03:00.150315,19.022788,73.102321,42.2,85.6,130.3,28.9,67.9,4.7,85,98,13,LOCKED,-54
2026-08-26T18:03:02.150315,19.022809,73.102360,42.3,98.5,140.8,28.9,67.9,4.6,87,97,13,LOCKED,-55
2026-08-26T18:03:04.150315,19.022830,73.102398,42.2,100.7,138.9,28.9,67.9,4.6,85,97,12,LOCKED,-55
2026-08-26T18:03:06.150315,19.022851,73.102437,42.2,96.0,130.1,28.9,67.9,4.6,87,97,12,LOCKED,-55
2026-08-26T18:03:08.150315,19.022872,73.102475,42.1,95.9,145.5,28.9,67.9,4.6,85,97,12,LOCKED,-55
2026-08-26T18:03:10.150315,19.022893,73.102513,42.1,95.6,145.3,28.9,67.9,4.6,84,97,13,LOCKED,-55
2026-08-26T18:03:12.150315,19.022913,73.102550,42.2,89.8,133.9,28.9,68.0,4.7,82,97,13,LOCKED,-55
2026-08-26T18:03:14.150315,19.022934,73.102589,42.3,103.6,147.7,28.9,68.0,4.8,83,97,13,LOCKED,-55
2026-08-26T18:03:16.150315,19.022956,73.102627,42.3,98.8,152.3,29.0,68.0,4.7,83,97,13,LOCKED,-55
2026-08-26T18:03:18.150315,19.022976,73.102665,42.3,93.1,143.2,29.0,67.9,4.8,83,97,13,LOCKED,-55
2026-08-26T18:03:20.150315,19.022998,73.102704,42.3,103.5,151.7,29.0,68.0,4.9,84,97,13,LOCKED,-55
2026-08-26T18:03:22.150315,19.023019,73.102744,42.3,103.4,158.7,29.0,68.0,4.9,86,97,13,LOCKED,-54
2026-08-26T18:03:24.150315,19.023041,73.102785,42.4,105.8,135.8,29.0,68.0,5.0,86,97,13,LOCKED,-54
2026-08-26T18:03:26.150315,19.023063,73.102825,42.4,102.1,141.5,29.0,68.0,4.9,85,97,13,LOCKED,-54
2026-08-26T18:03:28.150315,19.023085,73.102865,42.4,99.4,150.0,29.0,68.1,4.9,86,97,13,LOCKED,-54
2026-08-26T18:03:30.150315,19.023106,73.102905,42.4,109.3,147.1,29.0,68.1,4.8,88,97,13,LOCKED,-54
2026-08-26T18:03:32.150315,19.023128,73.102946,42.4,102.2,154.6,29.0,68.1,4.8,90,97,14,LOCKED,-54
2026-08-26T18:03:34.150315,19.023150,73.102987,42.4,110.4,139.1,29.0,68.1,4.9,91,97,14,LOCKED,-54
2026-08-26T18:03:36.150315,19.023173,73.103028,42.3,102.0,156.2,29.0,68.1,4.8,90,97,14,LOCKED,-54
2026-08-26T18:03:38.150315,19.023195,73.103068,42.3,101.7,149.4,29.0,68.1,4.8,92,97,14,LOCKED,-54
2026-08-26T18:03:40.150315,19.023217,73.103108,42.3,100.1,144.3,29.0,68.1,4.8,92,97,14,LOCKED,-54
2026-08-26T18:03:42.150315,19.023239,73.103149,42.3,112.2,152.2,29.0,68.1,4.9,91,97,14,LOCKED,-54
2026-08-26T18:03:44.150315,19.023261,73.103190,42.2,103.2,166.5,29.0,68.1,4.8,89,97,14,LOCKED,-54
2026-08-26T18:03:46.150315,19.023284,73.103231,42.2,99.8,149.6,29.0,68.1,4.8,90,97,14,LOCKED,-55
2026-08-26T18:03:48.150315,19.023306,73.103272,42.2,110.0,155.3,29.0,68.1,4.9,90,97,14,LOCKED,-55
2026-08-26T18:03:50.150315,19.023328,73.103313,42.2,112.9,149.3,29.0,68.1,4.9,91,97,14,LOCKED,-55
2026-08-26T18:03:52.150315,19.023351,73.103354,42.3,102.6,148.7,29.0,68.1,4.8,92,97,13,LOCKED,-55
2026-08-26T18:03:54.150315,19.023373,73.103394,42.2,113.6,154.0,29.0,68.1,4.8,94,97,12,LOCKED,-55
2026-08-26T18:03:56.150315,19.023395,73.103434,42.2,110.1,148.3,29.0,68.1,4.9,92,97,12,LOCKED,-55
2026-08-26T18:03:58.150315,19.023418,73.103475,42.2,108.6,152.7,29.0,68.2,4.9,91,97,12,LOCKED,-55
2026-08-26T18:04:00.150315,19.023441,73.103515,42.2,108.9,156.4,29.0,68.1,4.9,93,97,11,LOCKED,-55
2026-08-26T18:04:02.150315,19.023463,73.103556,42.1,107.1,167.6,29.0,68.2,4.9,92,96,11,LOCKED,-55
2026-08-26T18:04:04.150315,19.023486,73.103597,42.1,112.5,162.0,29.0,68.2,4.9,92,96,11,LOCKED,-55
2026-08-26T18:04:06.150315,19.023508,73.103637,42.0,106.7,148.3,29.0,68.2,5.0,93,96,11,LOCKED,-55
2026-08-26T18:04:08.150315,19.023531,73.103678,42.0,113.1,155.8,29.0,68.2,4.9,92,96,11,LOCKED,-55
2026-08-26T18:04:10.150315,19.023553,73.103719,41.9,116.9,170.8,29.0,68.2,4.9,92,96,11,LOCKED,-55
2026-08-26T18:04:12.150315,19.023576,73.103759,42.0,111.1,162.0,29.0,68.2,4.9,94,96,11,LOCKED,-55
2026-08-26T18:04:14.150315,19.023599,73.103799,42.0,112.9,162.1,29.0,68.2,4.9,93,96,11,LOCKED,-55
2026-08-26T18:04:16.150315,19.023621,73.103840,41.9,113.1,159.1,29.0,68.2,5.0,91,96,11,LOCKED,-55
2026-08-26T18:04:18.150315,19.023644,73.103882,42.0,111.4,169.4,29.0,68.2,4.9,90,96,11,LOCKED,-56
2026-08-26T18:04:20.150315,19.023666,73.103923,41.9,107.4,168.5,29.0,68.2,4.9,89,96,11,LOCKED,-55
2026-08-26T18:04:22.150315,19.023688,73.103964,42.0,111.6,163.7,29.0,68.2,4.9,88,96,11,LOCKED,-55
2026-08-26T18:04:24.150315,19.023710,73.104005,42.0,114.1,154.3,29.0,68.3,4.8,87,96,11,LOCKED,-55
2026-08-26T18:04:26.150315,19.023732,73.104045,42.0,115.3,145.9,29.0,68.3,4.9,88,96,11,LOCKED,-55
2026-08-26T18:04:28.150315,19.023753,73.104085,42.1,117.6,163.4,28.9,68.3,4.8,88,96,11,LOCKED,-55
2026-08-26T18:04:30.150315,19.023775,73.104126,42.2,111.0,168.1,28.9,68.3,4.8,88,96,11,LOCKED,-54
2026-08-26T18:04:32.150315,19.023797,73.104165,42.2,108.2,153.4,28.9,68.3,4.8,87,96,11,LOCKED,-55
2026-08-26T18:04:34.150315,19.023818,73.104205,42.1,115.0,167.8,28.9,68.3,4.9,88,96,11,LOCKED,-55
2026-08-26T18:04:36.150315,19.023840,73.104246,42.2,116.0,169.6,28.9,68.3,4.9,88,96,11,LOCKED,-55
2026-08-26T18:04:38.150315,19.023863,73.104287,42.2,114.4,143.7,28.9,68.3,4.8,89,96,12,LOCKED,-55
2026-08-26T18:04:40.150315,19.023884,73.104328,42.1,106.1,171.0,28.9,68.2,4.7,89,96,13,LOCKED,-56
2026-08-26T18:04:42.150315,19.023906,73.104368,42.1,111.1,152.8,28.9,68.2,4.8,88,96,13,LOCKED,-56
2026-08-26T18:04:44.150315,19.023928,73.104408,42.2,112.6,157.3,28.9,68.2,4.8,90,96,13,LOCKED,-56
2026-08-26T18:04:46.150315,19.023950,73.104449,42.1,104.1,163.6,28.9,68.2,4.8,91,96,13,LOCKED,-56
2026-08-26T18:04:48.150315,19.023972,73.104489,42.2,116.9,161.3,28.9,68.2,4.7,90,96,13,LOCKED,-56
2026-08-26T18:04:50.150315,19.023994,73.104529,42.1,111.8,167.3,28.9,68.2,4.7,91,96,13,LOCKED,-56
2026-08-26T18:04:52.150315,19.024016,73.104569,42.1,108.1,140.9,28.9,68.2,4.7,92,96,13,LOCKED,-56
2026-08-26T18:04:54.150315,19.024038,73.104608,42.1,104.2,151.9,28.9,68.2,4.8,92,96,13,LOCKED,-57
2026-08-26T18:04:56.150315,19.024060,73.104648,42.1,107.0,148.0,28.9,68.2,4.7,92,96,13,LOCKED,-56
2026-08-26T18:04:58.150315,19.024082,73.104688,42.1,108.8,167.8,28.9,68.3,4.6,93,96,13,LOCKED,-57
2026-08-26T18:05:00.150315,19.024104,73.104726,42.1,98.9,167.5,29.0,68.2,4.6,94,96,13,LOCKED,-57
2026-08-26T18:05:02.150315,19.024127,73.104765,42.1,105.5,144.7,29.0,68.3,4.6,94,95,13,LOCKED,-57
2026-08-26T18:05:04.150315,19.024149,73.104803,42.0,113.0,147.0,29.0,68.3,4.6,94,95,13,LOCKED,-57
2026-08-26T18:05:06.150315,19.024171,73.104841,42.1,101.2,144.5,29.0,68.2,4.5,94,95,13,LOCKED,-58
2026-08-26T18:05:08.150315,19.024192,73.104879,42.1,106.9,144.7,29.0,68.2,4.6,92,95,13,LOCKED,-58
2026-08-26T18:05:10.150315,19.024214,73.104918,42.1,109.7,160.7,29.0,68.2,4.6,94,95,13,LOCKED,-58
2026-08-26T18:05:12.150315,19.024236,73.104956,42.0,100.1,152.8,29.0,68.2,4.6,95,95,13,LOCKED,-58
2026-08-26T18:05:14.150315,19.024258,73.104994,42.0,99.9,154.9,29.0,68.2,4.6,93,95,13,LOCKED,-58
2026-08-26T18:05:16.150315,19.024280,73.105032,42.0,102.2,156.5,29.0,68.2,4.6,94,95,13,LOCKED,-59
2026-08-26T18:05:18.150315,19.024302,73.105070,42.0,105.8,148.5,29.0,68.2,4.6,95,95,13,LOCKED,-58
2026-08-26T18:05:20.150315,19.024324,73.105109,42.0,106.8,152.8,29.0,68.2,4.6,94,95,13,LOCKED,-58
2026-08-26T18:05:22.150315,19.024346,73.105147,42.0,98.6,131.6,29.0,68.1,4.7,94,95,13,LOCKED,-58
2026-08-26T18:05:24.150315,19.024369,73.105186,42.0,103.4,153.1,29.0,68.2,4.8,95,95,13,LOCKED,-57
2026-08-26T18:05:26.150315,19.024391,73.105225,42.0,104.4,138.4,29.0,68.2,4.8,94,95,13,LOCKED,-57
2026-08-26T18:05:28.150315,19.024413,73.105266,42.0,96.8,150.9,29.0,68.2,4.9,92,95,13,LOCKED,-57
2026-08-26T18:05:30.150315,19.024436,73.105307,41.9,102.7,154.2,29.0,68.2,4.8,91,95,13,LOCKED,-57
2026-08-26T18:05:32.150315,19.024458,73.105347,41.9,96.3,129.5,29.0,68.2,4.8,89,95,13,LOCKED,-57
2026-08-26T18:05:34.150315,19.024479,73.105388,41.9,97.0,137.0,29.0,68.2,4.8,88,95,13,LOCKED,-58
2026-08-26T18:05:36.150315,19.024501,73.105428,42.0,102.5,139.6,29.0,68.2,4.8,90,95,13,LOCKED,-58
2026-08-26T18:05:38.150315,19.024523,73.105469,42.0,94.1,128.7,29.0,68.1,4.7,89,95,13,LOCKED,-57
2026-08-26T18:05:40.150315,19.024545,73.105509,42.1,92.7,140.5,29.0,68.2,4.7,89,95,13,LOCKED,-57
2026-08-26T18:05:42.150315,19.024566,73.105548,42.0,91.8,131.1,29.0,68.2,4.6,89,95,13,LOCKED,-57
2026-08-26T18:05:44.150315,19.024588,73.105588,42.1,97.2,141.3,29.0,68.2,4.7,90,95,12,LOCKED,-58
2026-08-26T18:05:46.150315,19.024610,73.105628,42.2,93.9,125.5,28.9,68.2,4.8,91,95,13,LOCKED,-58
2026-08-26T18:05:48.150315,19.024632,73.105668,42.1,91.9,133.8,28.9,68.2,4.8,92,95,13,LOCKED,-58
2026-08-26T18:05:50.150315,19.024654,73.105709,42.2,86.6,118.5,28.9,68.2,4.9,91,95,13,LOCKED,-59
2026-08-26T18:05:52.150315,19.024676,73.105750,42.2,83.9,136.3,28.9,68.2,4.8,89,95,13,LOCKED,-59
2026-08-26T18:05:54.150315,19.024698,73.105790,42.1,91.2,126.4,28.9,68.2,4.8,89,95,13,LOCKED,-59
2026-08-26T18:05:56.150315,19.024720,73.105830,42.1,86.9,133.1,28.9,68.2,4.7,87,95,13,LOCKED,-59
2026-08-26T18:05:58.150315,19.024741,73.105869,42.1,78.3,135.3,28.9,68.2,4.8,86,95,13,LOCKED,-59
2026-08-26T18:06:00.150315,19.024763,73.105909,42.1,86.9,113.3,28.9,68.2,4.7,86,95,13,LOCKED,-59
2026-08-26T18:06:02.150315,19.024784,73.105947,42.1,86.8,125.9,28.9,68.2,4.8,85,94,13,LOCKED,-58
2026-08-26T18:06:04.150315,19.024805,73.105986,42.0,80.3,110.5,28.8,68.1,4.8,84,94,13,LOCKED,-59
2026-08-26T18:06:06.150315,19.024826,73.106024,42.0,83.4,119.8,28.8,68.2,4.9,83,94,13,LOCKED,-59
2026-08-26T18:06:08.150315,19.024847,73.106063,42.0,75.4,110.2,28.8,68.1,4.8,83,94,13,LOCKED,-58
2026-08-26T18:06:10.150315,19.024868,73.106102,41.9,80.9,102.7,28.8,68.2,4.8,83,94,13,LOCKED,-58
2026-08-26T18:06:12.150315,19.024890,73.106141,42.0,68.3,115.2,28.8,68.2,4.9,85,94,13,LOCKED,-58
2026-08-26T18:06:14.150315,19.024911,73.106181,41.9,68.9,101.1,28.8,68.2,4.8,87,94,13,LOCKED,-58
2026-08-26T18:06:16.150315,19.024933,73.106221,42.0,67.5,113.3,28.8,68.2,4.8,88,94,14,LOCKED,-58
2026-08-26T18:06:18.150315,19.024955,73.106261,42.0,72.5,112.9,28.8,68.2,4.8,86,94,14,LOCKED,-58
2026-08-26T18:06:20.150315,19.024976,73.106301,42.0,61.1,101.6,28.8,68.1,4.8,87,94,14,LOCKED,-57
2026-08-26T18:06:22.150315,19.024997,73.106340,42.0,63.1,88.3,28.8,68.2,4.7,86,94,14,LOCKED,-57
2026-08-26T18:06:24.150315,19.025019,73.106379,42.1,63.6,94.0,28.8,68.2,4.7,87,94,14,LOCKED,-57
2026-08-26T18:06:26.150315,19.025040,73.106418,42.1,65.0,107.5,28.8,68.2,4.7,85,94,14,LOCKED,-58
2026-08-26T18:06:28.150315,19.025061,73.106456,42.2,69.0,85.7,28.8,68.2,4.6,83,94,14,LOCKED,-58
2026-08-26T18:06:30.150315,19.025081,73.106494,42.2,65.8,97.6,28.8,68.1,4.7,83,94,15,LOCKED,-58
2026-08-26T18:06:32.150315,19.025102,73.106532,42.3,64.9,85.2,28.8,68.1,4.7,84,94,15,LOCKED,-58
2026-08-26T18:06:34.150315,19.025123,73.106570,42.2,64.5,83.6,28.8,68.2,4.7,85,94,15,LOCKED,-57
2026-08-26T18:06:36.150315,19.025144,73.106609,42.2,58.0,92.5,28.8,68.2,4.7,83,94,15,LOCKED,-57
2026-08-26T18:06:38.150315,19.025165,73.106646,42.3,51.6,82.8,28.8,68.2,4.7,82,94,15,LOCKED,-58
2026-08-26T18:06:40.150315,19.025186,73.106683,42.3,51.8,88.2,28.8,68.2,4.7,82,94,15,LOCKED,-58
2026-08-26T18:06:42.150315,19.025206,73.106721,42.3,54.6,90.2,28.8,68.2,4.8,82,94,15,LOCKED,-59
2026-08-26T18:06:44.150315,19.025227,73.106758,42.3,57.1,73.7,28.8,68.3,4.7,81,94,15,LOCKED,-59
2026-08-26T18:06:46.150315,19.025247,73.106796,42.2,53.7,69.6,28.8,68.2,4.8,80,94,15,LOCKED,-59
2026-08-26T18:06:48.150315,19.025268,73.106833,42.2,45.4,78.7,28.8,68.2,4.8,81,94,15,LOCKED,-59
2026-08-26T18:06:50.150315,19.025289,73.106871,42.1,39.3,78.1,28.9,68.3,4.8,79,94,15,LOCKED,-58
2026-08-26T18:06:52.150315,19.025309,73.106907,42.2,48.6,75.2,28.9,68.3,4.8,77,94,15,LOCKED,-58
2026-08-26T18:06:54.150315,19.025329,73.106945,42.2,43.5,57.8,28.9,68.3,4.9,79,94,15,LOCKED,-58
2026-08-26T18:06:56.150315,19.025350,73.106982,42.3,43.0,72.1,28.9,68.2,4.8,77,94,15,LOCKED,-58
2026-08-26T18:06:58.150315,19.025370,73.107018,42.3,40.4,61.7,28.9,68.2,4.9,76,94,15,LOCKED,-59
2026-08-26T18:07:00.150315,19.025390,73.107055,42.3,36.2,50.5,28.9,68.2,5.0,76,94,15,LOCKED,-59
2026-08-26T18:07:02.150315,19.025411,73.107093,42.3,38.5,57.4,28.9,68.2,5.0,78,93,15,LOCKED,-59
2026-08-26T18:07:04.150315,19.025432,73.107131,42.3,26.6,44.2,28.9,68.2,5.0,79,93,15,LOCKED,-59
2026-08-26T18:07:06.150315,19.025453,73.107169,42.4,26.5,55.4,28.9,68.2,5.0,80,93,15,LOCKED,-59
2026-08-26T18:07:08.150315,19.025474,73.107208,42.4,25.7,59.4,28.9,68.3,5.0,81,93,15,LOCKED,-59
2026-08-26T18:07:10.150315,19.025495,73.107247,42.4,46.9,91.4,28.9,68.3,5.1,80,93,15,LOCKED,-59
2026-08-26T18:07:12.150315,19.025517,73.107286,42.5,56.2,76.6,28.9,68.3,5.2,81,93,15,LOCKED,-59
2026-08-26T18:07:14.150315,19.025539,73.107327,42.4,50.9,94.7,28.9,68.3,5.2,82,93,15,LOCKED,-59
2026-08-26T18:07:16.150315,19.025560,73.107367,42.4,57.3,88.1,28.9,68.2,5.3,82,93,15,LOCKED,-59
2026-08-26T18:07:18.150315,19.025583,73.107409,42.4,47.7,80.6,28.9,68.2,5.3,83,93,15,LOCKED,-60
2026-08-26T18:07:20.150315,19.025605,73.107450,42.4,55.6,75.1,28.9,68.3,5.3,83,93,15,LOCKED,-60
2026-08-26T18:07:22.150315,19.025627,73.107492,42.4,43.7,95.9,28.9,68.3,5.3,84,93,15,LOCKED,-60
2026-08-26T18:07:24.150315,19.025650,73.107533,42.4,55.4,87.4,28.9,68.3,5.2,83,93,15,LOCKED,-60
2026-08-26T18:07:26.150315,19.025672,73.107574,42.4,41.2,82.8,28.9,68.3,5.2,83,93,15,LOCKED,-60
2026-08-26T18:07:28.150315,19.025693,73.107615,42.5,55.4,72.5,28.9,68.3,5.2,83,93,15,LOCKED,-60
2026-08-26T18:07:30.150315,19.025715,73.107655,42.5,45.8,72.5,28.9,68.3,5.3,82,93,15,LOCKED,-60
2026-08-26T18:07:32.150315,19.025737,73.107696,42.5,55.4,73.7,28.9,68.3,5.2,83,93,15,LOCKED,-60
2026-08-26T18:07:34.150315,19.025760,73.107737,42.5,50.2,79.8,28.9,68.2,5.2,83,93,15,LOCKED,-60
2026-08-26T18:07:36.150315,19.025782,73.107778,42.4,52.3,87.5,28.9,68.2,5.1,84,93,15,LOCKED,-60
2026-08-26T18:07:38.150315,19.025804,73.107819,42.5,51.0,76.8,28.9,68.2,5.2,85,93,15,LOCKED,-60
2026-08-26T18:07:40.150315,19.025826,73.107861,42.5,41.5,89.5,28.9,68.2,5.1,87,93,16,LOCKED,-60
2026-08-26T18:07:42.150315,19.025848,73.107902,42.6,40.0,77.2,28.9,68.2,5.0,85,93,16,LOCKED,-61
2026-08-26T18:07:44.150315,19.025870,73.107942,42.7,49.2,68.5,28.9,68.2,5.0,84,93,16,LOCKED,-61
2026-08-26T18:07:46.150315,19.025892,73.107982,42.7,45.2,64.0,28.9,68.2,5.1,86,93,16,LOCKED,-61
2026-08-26T18:07:48.150315,19.025914,73.108023,42.7,54.5,67.5,28.9,68.2,5.1,86,93,16,LOCKED,-61
2026-08-26T18:07:50.150315,19.025936,73.108065,42.8,45.2,72.6,28.9,68.3,5.1,87,93,15,LOCKED,-61
2026-08-26T18:07:52.150315,19.025959,73.108107,42.7,40.9,76.8,28.9,68.2,5.1,89,93,15,LOCKED,-61
2026-08-26T18:07:54.150315,19.025981,73.108150,42.6,41.8,81.7,28.9,68.3,5.0,89,93,15,LOCKED,-61
2026-08-26T18:07:56.150315,19.026004,73.108192,42.6,47.2,69.5,29.0,68.3,5.0,90,93,15,LOCKED,-61
2026-08-26T18:07:58.150315,19.026027,73.108234,42.6,40.3,73.5,28.9,68.3,5.1,91,93,15,LOCKED,-61
2026-08-26T18:08:00.150315,19.026050,73.108276,42.6,37.6,77.1,29.0,68.3,5.1,91,93,15,LOCKED,-61
2026-08-26T18:08:02.150315,19.026073,73.108319,42.7,40.4,67.8,29.0,68.3,5.1,89,92,15,LOCKED,-61
2026-08-26T18:08:04.150315,19.026095,73.108361,42.6,40.5,66.0,29.0,68.3,5.1,89,92,15,LOCKED,-62
2026-08-26T18:08:06.150315,19.026117,73.108403,42.7,47.1,82.5,29.0,68.3,5.0,87,92,16,LOCKED,-62
2026-08-26T18:08:08.150315,19.026139,73.108443,42.7,36.2,63.1,29.0,68.3,5.0,86,92,16,LOCKED,-62
2026-08-26T18:08:10.150315,19.026161,73.108484,42.8,45.8,58.4,29.0,68.3,5.0,84,92,16,LOCKED,-61
2026-08-26T18:08:12.150315,19.026183,73.108524,42.9,46.6,74.5,29.0,68.3,5.1,84,92,16,LOCKED,-61
2026-08-26T18:08:14.150315,19.026205,73.108564,42.9,40.0,57.5,29.0,68.3,5.1,85,92,16,LOCKED,-61
2026-08-26T18:08:16.150315,19.026227,73.108605,42.9,43.0,59.1,29.0,68.3,5.1,83,92,16,LOCKED,-61
2026-08-26T18:08:18.150315,19.026249,73.108646,42.8,33.4,66.7,29.0,68.3,5.1,85,92,16,LOCKED,-61
2026-08-26T18:08:20.150315,19.026271,73.108687,42.8,41.9,58.3,29.0,68.2,5.0,87,92,16,LOCKED,-61
2026-08-26T18:08:22.150315,19.026293,73.108728,42.8,41.9,54.3,28.9,68.3,5.1,85,92,16,LOCKED,-61
2026-08-26T18:08:24.150315,19.026315,73.108768,42.7,37.9,51.0,28.9,68.3,5.0,85,92,16,LOCKED,-62
2026-08-26T18:08:26.150315,19.026337,73.108809,42.7,35.5,64.6,28.9,68.4,5.1,86,92,16,LOCKED,-62
2026-08-26T18:08:28.150315,19.026359,73.108850,42.8,33.5,56.7,28.9,68.4,5.1,84,92,16,LOCKED,-61
2026-08-26T18:08:30.150315,19.026380,73.108890,42.7,42.5,72.6,28.9,68.4,5.2,83,92,16,LOCKED,-62
2026-08-26T18:08:32.150315,19.026403,73.108931,42.7,33.9,61.9,28.9,68.4,5.1,84,92,16,LOCKED,-62
2026-08-26T18:08:34.150315,19.026425,73.108972,42.8,31.1,45.7,28.9,68.4,5.1,84,92,16,LOCKED,-62
2026-08-26T18:08:36.150315,19.026446,73.109012,42.8,27.7,44.5,28.9,68.4,5.0,84,92,16,LOCKED,-62
2026-08-26T18:08:38.150315,19.026468,73.109052,42.8,24.5,50.9,28.9,68.4,5.1,84,92,16,LOCKED,-62
2026-08-26T18:08:40.150315,19.026490,73.109093,42.7,25.2,64.1,28.9,68.5,5.0,85,92,16,LOCKED,-63
2026-08-26T18:08:42.150315,19.026512,73.109133,42.7,27.0,39.9,28.9,68.4,4.9,84,92,16,LOCKED,-62
2026-08-26T18:08:44.150315,19.026533,73.109173,42.6,38.5,61.7,28.9,68.4,4.9,84,92,16,LOCKED,-62
2026-08-26T18:08:46.150315,19.026555,73.109213,42.5,34.9,38.5,28.9,68.4,5.0,85,92,15,LOCKED,-62
2026-08-26T18:08:48.150315,19.026577,73.109254,42.4,34.1,65.3,28.9,68.5,5.0,86,92,15,LOCKED,-63
2026-08-26T18:08:50.150315,19.026599,73.109294,42.4,36.2,42.4,29.0,68.5,4.9,86,92,15,LOCKED,-63
2026-08-26T18:08:52.150315,19.026621,73.109335,42.4,32.9,49.9,28.9,68.5,5.0,86,92,15,LOCKED,-63
2026-08-26T18:08:54.150315,19.026643,73.109376,42.4,28.1,48.6,28.9,68.5,4.9,88,92,16,LOCKED,-64
2026-08-26T18:08:56.150315,19.026665,73.109416,42.5,27.3,42.1,28.9,68.4,4.8,87,92,17,LOCKED,-64
2026-08-26T18:08:58.150315,19.026686,73.109456,42.5,30.0,48.6,28.9,68.4,4.9,86,92,17,LOCKED,-64
2026-08-26T18:09:00.150315,19.026708,73.109496,42.5,24.8,46.4,28.9,68.4,4.9,86,92,17,LOCKED,-64
2026-08-26T18:09:02.150315,19.026730,73.109536,42.5,28.6,46.8,28.9,68.4,5.0,85,91,18,LOCKED,-64
2026-08-26T18:09:04.150315,19.026751,73.109576,42.5,27.7,41.8,28.9,68.5,4.9,84,91,18,LOCKED,-64
2026-08-26T18:09:06.150315,19.026773,73.109615,42.6,26.8,44.0,28.9,68.5,5.0,83,91,18,LOCKED,-64
2026-08-26T18:09:08.150315,19.026794,73.109655,42.7,22.4,45.6,28.9,68.5,5.1,82,91,18,LOCKED,-64
2026-08-26T18:09:10.150315,19.026815,73.109694,42.6,31.7,35.7,28.9,68.5,5.1,81,91,18,LOCKED,-64
2026-08-26T18:09:12.150315,19.026837,73.109733,42.6,34.2,42.1,28.9,68.5,5.1,80,91,18,LOCKED,-64
2026-08-26T18:09:14.150315,19.026858,73.109773,42.5,23.8,50.1,28.9,68.5,5.1,81,91,18,LOCKED,-64
2026-08-26T18:09:16.150315,19.026880,73.109813,42.5,22.8,53.7,28.9,68.5,5.0,82,91,18,LOCKED,-64
2026-08-26T18:09:18.150315,19.026901,73.109851,42.4,28.0,50.1,28.9,68.5,5.1,80,91,18,LOCKED,-64
2026-08-26T18:09:20.150315,19.026922,73.109890,42.4,28.6,55.6,28.9,68.5,5.1,79,91,18,LOCKED,-64
2026-08-26T18:09:22.150315,19.026944,73.109930,42.4,23.1,38.7,28.9,68.5,5.2,81,91,17,LOCKED,-64
2026-08-26T18:09:24.150315,19.026966,73.109970,42.3,31.5,38.8,28.9,68.5,5.3,81,91,17,LOCKED,-64
2026-08-26T18:09:26.150315,19.026988,73.110011,42.2,25.0,53.8,28.9,68.5,5.2,83,91,17,LOCKED,-64
2026-08-26T18:09:28.150315,19.027010,73.110052,42.2,26.3,45.8,28.9,68.5,5.3,82,91,17,LOCKED,-64
2026-08-26T18:09:30.150315,19.027032,73.110094,42.3,24.1,39.1,28.9,68.5,5.3,83,91,17,LOCKED,-64
2026-08-26T18:09:32.150315,19.027054,73.110135,42.3,24.2,46.5,28.9,68.4,5.3,81,91,17,LOCKED,-64
2026-08-26T18:09:34.150315,19.027076,73.110176,42.2,22.9,39.3,28.9,68.5,5.3,83,91,17,LOCKED,-63
2026-08-26T18:09:36.150315,19.027098,73.110217,42.3,33.3,58.3,28.9,68.5,5.4,82,91,17,LOCKED,-64
2026-08-26T18:09:38.150315,19.027120,73.110258,42.3,21.9,36.8,28.9,68.5,5.4,80,91,17,LOCKED,-64
2026-08-26T18:09:40.150315,19.027143,73.110299,42.4,28.5,57.8,28.9,68.5,5.5,80,91,17,LOCKED,-65
2026-08-26T18:09:42.150315,19.027165,73.110340,42.4,21.4,59.0,28.9,68.5,5.5,81,91,17,LOCKED,-65
2026-08-26T18:09:44.150315,19.027187,73.110382,42.4,26.0,52.0,28.9,68.5,5.5,81,91,17,LOCKED,-65
2026-08-26T18:09:46.150315,19.027210,73.110424,42.5,31.3,45.1,28.9,68.5,5.5,81,91,17,LOCKED,-64
2026-08-26T18:09:48.150315,19.027232,73.110467,42.4,23.3,59.3,28.9,68.5,5.6,83,91,17,LOCKED,-65
2026-08-26T18:09:50.150315,19.027255,73.110509,42.5,21.3,35.1,28.9,68.5,5.7,81,91,18,LOCKED,-65
2026-08-26T18:09:52.150315,19.027278,73.110552,42.5,22.9,45.7,28.9,68.5,5.6,81,91,18,LOCKED,-65
2026-08-26T18:09:54.150315,19.027300,73.110594,42.5,28.8,44.9,28.9,68.5,5.6,81,91,18,LOCKED,-65
2026-08-26T18:09:56.150315,19.027323,73.110636,42.6,27.0,39.2,28.9,68.5,5.7,81,91,18,LOCKED,-66
2026-08-26T18:09:58.150315,19.027346,73.110679,42.5,30.2,40.3,28.9,68.5,5.7,80,91,17,LOCKED,-66
2026-08-26T18:10:00.150315,19.027369,73.110722,42.5,22.3,40.6,28.9,68.5,5.8,81,91,16,LOCKED,-65
2026-08-26T18:10:02.150315,19.027391,73.110764,42.5,21.3,45.9,28.9,68.6,5.8,80,90,16,LOCKED,-66
2026-08-26T18:10:04.150315,19.027414,73.110807,42.5,29.9,53.2,28.9,68.6,5.8,80,90,16,LOCKED,-66
2026-08-26T18:10:06.150315,19.027437,73.110851,42.5,31.8,35.2,28.9,68.6,5.8,81,90,16,LOCKED,-66
2026-08-26T18:10:08.150315,19.027461,73.110895,42.6,28.5,48.1,28.9,68.5,5.9,83,90,16,LOCKED,-65
2026-08-26T18:10:10.150315,19.027485,73.110940,42.6,34.4,54.0,28.9,68.6,5.9,83,90,16,LOCKED,-65
2026-08-26T18:10:12.150315,19.027508,73.110983,42.6,29.6,39.2,28.9,68.6,5.9,81,90,16,LOCKED,-65
2026-08-26T18:10:14.150315,19.027531,73.111027,42.6,25.8,38.2,28.9,68.6,5.9,82,90,16,LOCKED,-65
2026-08-26T18:10:16.150315,19.027555,73.111072,42.7,32.9,41.1,28.9,68.6,5.8,84,90,15,LOCKED,-64
2026-08-26T18:10:18.150315,19.027579,73.111117,42.7,24.0,41.5,28.9,68.6,5.8,85,90,16,LOCKED,-64
2026-08-26T18:10:20.150315,19.027602,73.111162,42.8,28.6,38.5,28.9,68.6,5.9,83,90,16,LOCKED,-64
2026-08-26T18:10:22.150315,19.027625,73.111206,42.8,34.7,36.1,28.9,68.7,5.8,83,90,17,LOCKED,-64
2026-08-26T18:10:24.150315,19.027649,73.111250,42.7,22.6,38.5,28.9,68.7,5.8,84,90,17,LOCKED,-64
2026-08-26T18:10:26.150315,19.027673,73.111295,42.8,25.3,56.5,28.9,68.7,5.8,85,90,17,LOCKED,-64
2026-08-26T18:10:28.150315,19.027696,73.111340,42.8,26.8,54.1,28.9,68.7,5.7,86,90,17,LOCKED,-64
2026-08-26T18:10:30.150315,19.027720,73.111385,42.9,32.1,45.3,29.0,68.7,5.7,85,90,17,LOCKED,-63
2026-08-26T18:10:32.150315,19.027744,73.111429,42.9,29.5,43.2,28.9,68.8,5.7,85,90,17,LOCKED,-63
2026-08-26T18:10:34.150315,19.027767,73.111474,42.9,34.4,55.2,28.9,68.8,5.8,86,90,17,LOCKED,-63
2026-08-26T18:10:36.150315,19.027791,73.111520,42.8,25.8,59.2,28.9,68.8,5.8,88,90,17,LOCKED,-63
2026-08-26T18:10:38.150315,19.027815,73.111566,42.9,23.5,52.1,28.9,68.8,5.7,89,90,17,LOCKED,-63
2026-08-26T18:10:40.150315,19.027840,73.111612,42.8,25.6,43.1,28.9,68.8,5.8,90,90,17,LOCKED,-63
2026-08-26T18:10:42.150315,19.027864,73.111659,42.8,23.6,51.9,28.9,68.8,5.9,90,90,17,LOCKED,-63
2026-08-26T18:10:44.150315,19.027889,73.111706,42.7,21.0,56.1,28.9,68.8,5.9,88,90,17,LOCKED,-63
2026-08-26T18:10:46.150315,19.027913,73.111751,42.7,28.2,40.7,28.9,68.8,5.9,87,90,17,LOCKED,-63
2026-08-26T18:10:48.150315,19.027937,73.111797,42.7,23.1,45.8,28.9,68.8,5.8,85,90,17,LOCKED,-64
2026-08-26T18:10:50.150315,19.027960,73.111842,42.7,26.6,53.8,28.9,68.7,5.8,84,90,18,LOCKED,-64
2026-08-26T18:10:52.150315,19.027984,73.111886,42.7,23.3,36.7,29.0,68.7,5.7,84,90,18,LOCKED,-64
2026-08-26T18:10:54.150315,19.028007,73.111930,42.8,28.3,36.8,28.9,68.7,5.8,83,90,18,LOCKED,-64
2026-08-26T18:10:56.150315,19.028030,73.111973,42.8,29.9,39.3,28.9,68.6,5.7,81,90,18,LOCKED,-64
2026-08-26T18:10:58.150315,19.028053,73.112016,42.8,29.1,55.1,28.9,68.6,5.6,82,90,18,LOCKED,-64
2026-08-26T18:11:00.150315,19.028076,73.112059,42.9,34.4,53.5,28.9,68.6,5.7,82,90,18,LOCKED,-64
2026-08-26T18:11:02.150315,19.028099,73.112103,42.9,32.4,55.5,28.9,68.7,5.6,84,89,18,LOCKED,-64
2026-08-26T18:11:04.150315,19.028122,73.112147,42.9,34.5,58.3,28.9,68.7,5.7,85,89,18,LOCKED,-64
2026-08-26T18:11:06.150315,19.028146,73.112191,42.9,21.2,53.7,28.9,68.7,5.8,84,89,18,LOCKED,-65
2026-08-26T18:11:08.150315,19.028169,73.112235,42.9,29.3,43.0,28.9,68.7,5.8,84,89,17,LOCKED,-65
2026-08-26T18:11:10.150315,19.028192,73.112279,42.9,26.9,35.5,28.9,68.7,5.9,82,89,17,LOCKED,-65
2026-08-26T18:11:12.150315,19.028216,73.112323,42.9,21.1,44.4,28.9,68.8,5.9,81,89,18,LOCKED,-65
2026-08-26T18:11:14.150315,19.028239,73.112367,43.0,21.1,56.6,29.0,68.8,5.9,81,89,18,LOCKED,-65
2026-08-26T18:11:16.150315,19.028263,73.112411,42.9,33.6,46.8,28.9,68.7,5.8,83,89,18,LOCKED,-65
2026-08-26T18:11:18.150315,19.028286,73.112456,43.0,29.6,53.8,28.9,68.8,5.8,84,89,18,LOCKED,-64
2026-08-26T18:11:20.150315,19.028309,73.112499,43.0,28.3,52.6,29.0,68.8,5.7,82,89,18,LOCKED,-65
2026-08-26T18:11:22.150315,19.028332,73.112543,43.1,28.3,55.7,29.0,68.8,5.7,82,89,18,LOCKED,-65
2026-08-26T18:11:24.150315,19.028355,73.112586,43.1,27.5,43.8,29.0,68.8,5.7,82,89,18,LOCKED,-65
2026-08-26T18:11:26.150315,19.028378,73.112628,43.2,27.0,58.8,29.0,68.9,5.8,81,89,18,LOCKED,-65
2026-08-26T18:11:28.150315,19.028401,73.112672,43.2,24.0,58.2,29.0,68.9,5.7,82,89,18,LOCKED,-64
2026-08-26T18:11:30.150315,19.028424,73.112715,43.3,32.8,39.8,29.0,68.9,5.7,81,89,18,LOCKED,-65
2026-08-26T18:11:32.150315,19.028447,73.112758,43.2,20.4,56.7,29.0,68.9,5.7,82,89,18,LOCKED,-64
2026-08-26T18:11:34.150315,19.028470,73.112800,43.1,30.3,40.0,29.0,68.9,5.7,80,89,18,LOCKED,-65
2026-08-26T18:11:36.150315,19.028492,73.112842,43.1,31.7,48.9,29.0,68.9,5.7,79,89,18,LOCKED,-64
2026-08-26T18:11:38.150315,19.028515,73.112885,43.1,27.2,42.2,29.0,68.8,5.7,80,89,18,LOCKED,-64
2026-08-26T18:11:40.150315,19.028537,73.112927,43.1,25.5,57.3,29.0,68.9,5.7,79,89,18,LOCKED,-64
2026-08-26T18:11:42.150315,19.028560,73.112968,43.0,34.9,42.3,29.0,68.8,5.8,77,89,18,LOCKED,-64
2026-08-26T18:11:44.150315,19.028582,73.113009,43.1,20.6,53.2,29.0,68.8,5.8,76,89,18,LOCKED,-64
2026-08-26T18:11:46.150315,19.028604,73.113050,43.1,28.8,51.2,29.0,68.7,5.7,75,89,18,LOCKED,-64
2026-08-26T18:11:48.150315,19.028625,73.113090,43.0,23.2,37.1,29.0,68.7,5.7,73,89,18,LOCKED,-64
2026-08-26T18:11:50.150315,19.028647,73.113130,43.0,31.2,44.1,29.0,68.7,5.8,73,89,18,LOCKED,-65
2026-08-26T18:11:52.150315,19.028669,73.113170,42.9,24.7,46.2,29.0,68.7,5.9,74,89,18,LOCKED,-64
2026-08-26T18:11:54.150315,19.028691,73.113211,42.9,31.4,49.1,29.0,68.7,5.9,72,89,18,LOCKED,-65
2026-08-26T18:11:56.150315,19.028712,73.113251,42.8,32.5,43.4,29.0,68.7,5.9,71,89,18,LOCKED,-65
2026-08-26T18:11:58.150315,19.028734,73.113291,42.8,24.8,55.7,29.0,68.6,6.0,72,89,18,LOCKED,-65
2026-08-26T18:12:00.150315,19.028756,73.113332,42.8,23.4,43.6,29.0,68.6,6.0,73,89,18,LOCKED,-65
2026-08-26T18:12:02.150315,19.028779,73.113374,42.8,30.8,59.0,29.0,68.6,6.0,74,88,18,LOCKED,-65
2026-08-26T18:12:04.150315,19.028801,73.113415,42.8,30.8,49.3,29.0,68.6,5.9,72,88,18,LOCKED,-65
2026-08-26T18:12:06.150315,19.028822,73.113455,42.8,21.6,50.8,29.0,68.6,5.9,71,88,18,LOCKED,-65
2026-08-26T18:12:08.150315,19.028844,73.113495,42.8,28.3,59.1,29.0,68.6,6.0,71,88,18,LOCKED,-65
2026-08-26T18:12:10.150315,19.028865,73.113534,42.7,26.2,45.0,29.0,68.5,5.9,69,88,18,LOCKED,-64
2026-08-26T18:12:12.150315,19.028887,73.113574,42.8,21.8,53.7,29.0,68.5,5.9,70,88,18,LOCKED,-64
2026-08-26T18:12:14.150315,19.028908,73.113613,42.9,30.0,48.6,29.0,68.5,5.8,71,88,18,LOCKED,-64
2026-08-26T18:12:16.150315,19.028930,73.113652,42.8,25.1,41.5,29.0,68.5,5.9,69,88,18,LOCKED,-64
2026-08-26T18:12:18.150315,19.028951,73.113691,42.8,27.0,45.2,29.0,68.5,5.9,67,88,18,LOCKED,-64
2026-08-26T18:12:20.150315,19.028972,73.113729,42.8,28.6,44.9,29.0,68.6,5.9,67,88,18,LOCKED,-64
2026-08-26T18:12:22.150315,19.028993,73.113767,42.9,24.7,51.3,29.0,68.5,5.9,66,88,18,LOCKED,-64
2026-08-26T18:12:24.150315,19.029013,73.113805,42.9,24.7,36.0,29.0,68.5,5.8,65,88,18,LOCKED,-64
2026-08-26T18:12:26.150315,19.029034,73.113842,43.0,20.8,56.5,29.0,68.5,5.9,63,88,18,LOCKED,-64
2026-08-26T18:12:28.150315,19.029054,73.113878,43.0,29.5,54.3,29.0,68.5,6.0,63,88,18,LOCKED,-64
2026-08-26T18:12:30.150315,19.029074,73.113915,43.1,27.5,52.7,29.0,68.6,6.0,61,88,18,LOCKED,-64
2026-08-26T18:12:32.150315,19.029095,73.113952,43.1,23.7,35.1,29.0,68.6,6.1,63,88,18,LOCKED,-64
2026-08-26T18:12:34.150315,19.029115,73.113990,43.2,29.3,52.6,29.0,68.6,6.1,64,88,18,LOCKED,-64
2026-08-26T18:12:36.150315,19.029136,73.114027,43.2,29.4,58.3,29.0,68.6,6.2,63,88,18,LOCKED,-64
2026-08-26T18:12:38.150315,19.029156,73.114064,43.2,34.8,42.0,28.9,68.6,6.1,61,88,18,LOCKED,-63
2026-08-26T18:12:40.150315,19.029177,73.114102,43.3,25.4,47.3,28.9,68.6,6.0,63,88,18,LOCKED,-63
2026-08-26T18:12:42.150315,19.029198,73.114139,43.4,27.9,44.6,28.9,68.5,6.1,63,88,18,LOCKED,-63
2026-08-26T18:12:44.150315,19.029218,73.114177,43.5,30.6,43.2,28.9,68.5,6.0,63,88,18,LOCKED,-63
2026-08-26T18:12:46.150315,19.029239,73.114215,43.5,32.3,36.7,28.9,68.5,6.0,64,88,18,LOCKED,-63
2026-08-26T18:12:48.150315,19.029260,73.114252,43.6,31.1,48.8,28.9,68.5,6.0,63,88,18,LOCKED,-63
2026-08-26T18:12:50.150315,19.029280,73.114289,43.6,21.8,48.7,29.0,68.5,6.0,63,88,18,LOCKED,-63
2026-08-26T18:12:52.150315,19.029301,73.114327,43.6,30.4,37.9,28.9,68.5,6.0,64,88,17,LOCKED,-63
2026-08-26T18:12:54.150315,19.029321,73.114364,43.6,27.6,55.7,28.9,68.5,6.1,63,88,17,LOCKED,-63
2026-08-26T18:12:56.150315,19.029342,73.114402,43.5,30.0,57.2,28.9,68.4,6.2,63,88,17,LOCKED,-62
2026-08-26T18:12:58.150315,19.029363,73.114440,43.5,23.5,43.4,29.0,68.4,6.1,64,88,17,LOCKED,-62
2026-08-26T18:13:00.150315,19.029384,73.114478,43.4,27.4,59.0,29.0,68.5,6.2,63,88,17,LOCKED,-62
2026-08-26T18:13:02.150315,19.029405,73.114516,43.4,35.0,48.2,29.0,68.5,6.3,63,87,17,LOCKED,-62
2026-08-26T18:13:04.150315,19.029426,73.114555,43.5,33.6,39.8,29.0,68.4,6.4,64,87,17,LOCKED,-62
2026-08-26T18:13:06.150315,19.029447,73.114594,43.5,22.5,39.8,29.0,68.4,6.3,65,87,17,LOCKED,-62
2026-08-26T18:13:08.150315,19.029469,73.114634,43.5,20.3,55.0,28.9,68.4,6.3,65,87,17,LOCKED,-62
2026-08-26T18:13:10.150315,19.029490,73.114673,43.6,25.3,44.3,29.0,68.4,6.2,66,87,17,LOCKED,-62
2026-08-26T18:13:12.150315,19.029512,73.114713,43.5,30.3,38.4,29.0,68.4,6.2,67,87,17,LOCKED,-62
2026-08-26T18:13:14.150315,19.029533,73.114752,43.6,28.2,55.2,29.0,68.4,6.3,66,87,17,LOCKED,-61
2026-08-26T18:13:16.150315,19.029555,73.114792,43.5,29.5,56.0,29.0,68.4,6.3,66,87,17,LOCKED,-61
2026-08-26T18:13:18.150315,19.029576,73.114832,43.6,20.4,50.3,29.0,68.4,6.3,67,87,17,LOCKED,-61
2026-08-26T18:13:20.150315,19.029598,73.114872,43.5,25.0,50.8,29.0,68.5,6.3,68,87,18,LOCKED,-61
2026-08-26T18:13:22.150315,19.029620,73.114912,43.6,24.9,55.2,28.9,68.5,6.3,66,87,18,LOCKED,-61
2026-08-26T18:13:24.150315,19.029642,73.114953,43.6,32.4,43.5,29.0,68.4,6.3,68,87,18,LOCKED,-61
2026-08-26T18:13:26.150315,19.029664,73.114994,43.5,29.0,46.4,29.0,68.4,6.3,69,87,18,LOCKED,-60
2026-08-26T18:13:28.150315,19.029686,73.115035,43.6,33.2,39.4,29.0,68.5,6.3,69,87,18,LOCKED,-61
2026-08-26T18:13:30.150315,19.029708,73.115075,43.7,27.3,52.2,29.0,68.5,6.3,68,87,18,LOCKED,-61
2026-08-26T18:13:32.150315,19.029729,73.115115,43.8,30.6,51.3,29.0,68.6,6.2,67,87,18,LOCKED,-61
2026-08-26T18:13:34.150315,19.029751,73.115154,43.8,29.3,38.3,29.0,68.6,6.2,65,87,18,LOCKED,-61
2026-08-26T18:13:36.150315,19.029772,73.115192,43.8,32.2,40.3,29.0,68.5,6.1,63,87,18,LOCKED,-60
2026-08-26T18:13:38.150315,19.029792,73.115230,43.9,32.5,46.6,29.0,68.5,6.1,63,87,18,LOCKED,-61
2026-08-26T18:13:40.150315,19.029813,73.115268,43.8,33.3,51.6,29.0,68.5,6.1,65,87,18,LOCKED,-61
2026-08-26T18:13:42.150315,19.029834,73.115306,43.8,21.5,43.0,29.0,68.5,6.2,63,87,18,LOCKED,-61
2026-08-26T18:13:44.150315,19.029855,73.115345,43.7,24.4,56.8,29.0,68.5,6.2,64,87,18,LOCKED,-61
2026-08-26T18:13:46.150315,19.029876,73.115383,43.7,27.4,37.4,29.0,68.5,6.2,65,87,18,LOCKED,-61
2026-08-26T18:13:48.150315,19.029897,73.115423,43.7,20.4,39.5,29.0,68.4,6.1,66,87,18,LOCKED,-60
2026-08-26T18:13:50.150315,19.029919,73.115462,43.6,25.5,45.0,29.0,68.4,6.1,68,87,18,LOCKED,-61
2026-08-26T18:13:52.150315,19.029941,73.115503,43.5,32.1,52.1,29.0,68.4,6.1,70,87,18,LOCKED,-60
2026-08-26T18:13:54.150315,19.029962,73.115542,43.6,34.0,38.6,29.0,68.5,6.0,68,87,18,LOCKED,-61
2026-08-26T18:13:56.150315,19.029984,73.115582,43.6,34.1,48.3,29.0,68.5,5.9,69,87,18,LOCKED,-61
2026-08-26T18:13:58.150315,19.030005,73.115622,43.5,34.0,45.2,29.1,68.5,5.9,69,87,18,LOCKED,-61
2026-08-26T18:14:00.150315,19.030027,73.115662,43.5,20.0,35.7,29.1,68.5,5.9,71,87,18,LOCKED,-61
2026-08-26T18:14:02.150315,19.030049,73.115701,43.5,22.2,54.1,29.1,68.6,5.8,71,86,17,LOCKED,-61
2026-08-26T18:14:04.150315,19.030070,73.115741,43.4,22.9,44.2,29.1,68.6,5.9,71,86,17,LOCKED,-61
2026-08-26T18:14:06.150315,19.030092,73.115782,43.4,29.0,41.3,29.1,68.6,5.9,73,86,17,LOCKED,-61
2026-08-26T18:14:08.150315,19.030114,73.115822,43.3,22.1,37.5,29.1,68.6,5.9,71,86,16,LOCKED,-61
2026-08-26T18:14:10.150315,19.030135,73.115862,43.3,26.7,37.6,29.1,68.6,5.9,72,86,16,LOCKED,-61
2026-08-26T18:14:12.150315,19.030157,73.115901,43.4,22.0,51.4,29.1,68.6,5.9,70,86,16,LOCKED,-61
2026-08-26T18:14:14.150315,19.030178,73.115941,43.3,27.9,58.6,29.1,68.6,5.9,70,86,16,LOCKED,-60
2026-08-26T18:14:16.150315,19.030200,73.115980,43.3,30.6,44.7,29.1,68.5,5.9,71,86,16,LOCKED,-61
2026-08-26T18:14:18.150315,19.030221,73.116020,43.4,31.6,52.7,29.1,68.6,6.0,70,86,15,LOCKED,-61
2026-08-26T18:14:20.150315,19.030243,73.116061,43.4,22.3,46.9,29.1,68.6,5.9,72,86,16,LOCKED,-61
2026-08-26T18:14:22.150315,19.030265,73.116101,43.4,20.7,53.8,29.1,68.6,5.9,72,86,17,LOCKED,-61
2026-08-26T18:14:24.150315,19.030287,73.116141,43.4,30.0,56.3,29.1,68.6,6.0,70,86,17,LOCKED,-61
2026-08-26T18:14:26.150315,19.030308,73.116181,43.3,29.8,49.0,29.1,68.6,6.0,71,86,17,LOCKED,-61
2026-08-26T18:14:28.150315,19.030330,73.116221,43.4,25.5,49.6,29.1,68.6,6.0,71,86,18,LOCKED,-61
2026-08-26T18:14:30.150315,19.030352,73.116262,43.3,25.7,59.9,29.1,68.6,6.0,72,86,18,LOCKED,-61
2026-08-26T18:14:32.150315,19.030374,73.116303,43.3,34.0,44.6,29.1,68.6,5.9,73,86,18,LOCKED,-61
2026-08-26T18:14:34.150315,19.030396,73.116344,43.3,28.6,50.7,29.1,68.6,6.0,73,86,18,LOCKED,-61
2026-08-26T18:14:36.150315,19.030418,73.116384,43.3,21.1,41.2,29.1,68.6,6.0,71,86,18,LOCKED,-61
2026-08-26T18:14:38.150315,19.030440,73.116425,43.3,32.3,38.9,29.1,68.5,6.0,71,86,18,LOCKED,-62
2026-08-26T18:14:40.150315,19.030462,73.116466,43.4,25.2,37.7,29.1,68.5,6.1,73,86,18,LOCKED,-61
2026-08-26T18:14:42.150315,19.030485,73.116508,43.5,25.7,57.3,29.1,68.6,6.1,75,86,18,LOCKED,-61
2026-08-26T18:14:44.150315,19.030508,73.116551,43.5,26.5,55.0,29.1,68.6,6.1,76,86,18,LOCKED,-61
2026-08-26T18:14:46.150315,19.030530,73.116593,43.5,34.3,59.0,29.1,68.6,6.2,75,86,18,LOCKED,-61
2026-08-26T18:14:48.150315,19.030553,73.116637,43.5,27.2,55.9,29.1,68.6,6.2,77,86,18,LOCKED,-61
2026-08-26T18:14:50.150315,19.030577,73.116681,43.4,30.0,43.3,29.1,68.6,6.1,77,86,18,LOCKED,-62
2026-08-26T18:14:52.150315,19.030600,73.116725,43.5,23.8,56.1,29.1,68.6,6.1,79,86,18,LOCKED,-62
2026-08-26T18:14:54.150315,19.030624,73.116770,43.5,20.9,35.0,29.1,68.5,6.1,80,86,18,LOCKED,-61
2026-08-26T18:14:56.150315,19.030647,73.116815,43.4,28.7,39.8,29.1,68.5,6.1,81,86,18,LOCKED,-61
2026-08-26T18:14:58.150315,19.030671,73.116860,43.5,25.8,39.7,29.1,68.5,6.1,82,86,18,LOCKED,-61
2026-08-26T18:15:00.150315,19.030695,73.116905,43.5,34.6,43.9,29.1,68.5,6.1,83,86,18,LOCKED,-61
2026-08-26T18:15:02.150315,19.030720,73.116952,43.5,26.2,43.1,29.1,68.5,6.1,85,85,18,LOCKED,-61
2026-08-26T18:15:04.150315,19.030744,73.116998,43.5,32.3,38.7,29.1,68.5,6.1,85,85,18,LOCKED,-62
2026-08-26T18:15:06.150315,19.030769,73.117045,43.5,21.6,48.2,29.1,68.5,6.0,86,85,18,LOCKED,-61
2026-08-26T18:15:08.150315,19.030793,73.117092,43.4,21.7,46.8,29.1,68.5,6.0,85,85,18,LOCKED,-61
2026-08-26T18:15:10.150315,19.030817,73.117138,43.5,23.5,46.0,29.1,68.5,6.0,85,85,18,LOCKED,-62
2026-08-26T18:15:12.150315,19.030841,73.117183,43.6,20.4,51.4,29.1,68.5,6.0,83,85,18,LOCKED,-61
2026-08-26T18:15:14.150315,19.030865,73.117229,43.6,20.3,36.1,29.1,68.5,6.0,84,85,18,LOCKED,-62
2026-08-26T18:15:16.150315,19.030889,73.117274,43.5,29.2,57.4,29.1,68.5,6.0,83,85,18,LOCKED,-61
2026-08-26T18:15:18.150315,19.030912,73.117318,43.4,27.2,38.9,29.1,68.5,6.1,81,85,18,LOCKED,-61
2026-08-26T18:15:20.150315,19.030936,73.117363,43.5,33.1,53.6,29.1,68.5,6.0,81,85,18,LOCKED,-61
2026-08-26T18:15:22.150315,19.030959,73.117407,43.4,33.0,38.1,29.1,68.6,6.0,80,85,18,LOCKED,-61
2026-08-26T18:15:24.150315,19.030983,73.117452,43.5,32.9,56.9,29.1,68.5,6.0,82,85,18,LOCKED,-61
2026-08-26T18:15:26.150315,19.031007,73.117497,43.4,34.4,48.1,29.1,68.5,6.0,81,85,18,LOCKED,-61
2026-08-26T18:15:28.150315,19.031030,73.117541,43.4,33.0,53.7,29.1,68.4,6.1,81,85,18,LOCKED,-61
2026-08-26T18:15:30.150315,19.031053,73.117585,43.3,25.7,43.4,29.1,68.4,6.1,79,85,18,LOCKED,-60
2026-08-26T18:15:32.150315,19.031077,73.117629,43.2,26.2,49.2,29.1,68.5,6.1,79,85,18,LOCKED,-60
2026-08-26T18:15:34.150315,19.031100,73.117674,43.3,20.6,59.2,29.1,68.4,6.1,79,85,18,LOCKED,-61
2026-08-26T18:15:36.150315,19.031124,73.117718,43.2,32.8,56.3,29.1,68.5,6.1,80,85,18,LOCKED,-61
2026-08-26T18:15:38.150315,19.031148,73.117763,43.2,21.2,56.4,29.1,68.4,6.1,81,85,18,LOCKED,-61
2026-08-26T18:15:40.150315,19.031172,73.117809,43.2,26.2,44.3,29.1,68.4,6.1,82,85,18,LOCKED,-60
2026-08-26T18:15:42.150315,19.031196,73.117854,43.2,25.6,56.8,29.1,68.4,6.1,82,85,18,LOCKED,-60
2026-08-26T18:15:44.150315,19.031219,73.117899,43.2,30.0,36.7,29.1,68.4,6.0,81,85,18,LOCKED,-60
2026-08-26T18:15:46.150315,19.031243,73.117943,43.2,34.0,37.6,29.1,68.4,6.0,81,85,18,LOCKED,-60
2026-08-26T18:15:48.150315,19.031266,73.117987,43.3,33.9,42.2,29.1,68.4,5.9,79,85,17,LOCKED,-60
2026-08-26T18:15:50.150315,19.031289,73.118029,43.3,28.6,44.1,29.1,68.3,6.0,78,85,17,LOCKED,-60
2026-08-26T18:15:52.150315,19.031312,73.118073,43.3,29.4,38.9,29.1,68.4,6.0,77,85,17,LOCKED,-60
2026-08-26T18:15:54.150315,19.031335,73.118116,43.3,29.5,36.9,29.1,68.4,6.1,79,85,17,LOCKED,-60
2026-08-26T18:15:56.150315,19.031358,73.118160,43.4,27.9,38.3,29.1,68.3,6.2,80,85,17,LOCKED,-59
2026-08-26T18:15:58.150315,19.031382,73.118204,43.3,27.9,43.8,29.1,68.3,6.1,79,85,16,LOCKED,-59
2026-08-26T18:16:00.150315,19.031405,73.118248,43.3,34.8,51.7,29.1,68.3,6.0,79,85,16,LOCKED,-60
2026-08-26T18:16:02.150315,19.031428,73.118292,43.3,27.1,48.2,29.1,68.2,6.0,79,84,16,LOCKED,-59
2026-08-26T18:16:04.150315,19.031451,73.118335,43.4,31.0,55.3,29.2,68.3,5.9,79,84,15,LOCKED,-60
2026-08-26T18:16:06.150315,19.031474,73.118379,43.5,23.2,59.6,29.1,68.3,5.9,80,84,15,LOCKED,-59
2026-08-26T18:16:08.150315,19.031498,73.118423,43.4,22.9,37.1,29.2,68.3,5.9,80,84,15,LOCKED,-59
2026-08-26T18:16:10.150315,19.031521,73.118466,43.4,29.4,50.0,29.1,68.3,5.9,79,84,15,LOCKED,-59
2026-08-26T18:16:12.150315,19.031543,73.118509,43.5,20.9,42.0,29.2,68.3,5.9,78,84,15,LOCKED,-59
2026-08-26T18:16:14.150315,19.031566,73.118552,43.5,22.2,37.5,29.1,68.2,5.9,80,84,15,LOCKED,-59
2026-08-26T18:16:16.150315,19.031590,73.118596,43.6,26.4,35.3,29.1,68.3,6.0,82,84,15,LOCKED,-59
2026-08-26T18:16:18.150315,19.031613,73.118640,43.6,34.9,56.3,29.1,68.3,5.9,81,84,15,LOCKED,-59
2026-08-26T18:16:20.150315,19.031636,73.118683,43.7,25.4,55.7,29.1,68.2,6.0,79,84,15,LOCKED,-59
2026-08-26T18:16:22.150315,19.031659,73.118726,43.6,30.0,41.9,29.2,68.2,6.0,78,84,15,LOCKED,-59
2026-08-26T18:16:24.150315,19.031682,73.118770,43.6,27.5,40.2,29.2,68.2,6.1,80,84,15,LOCKED,-59
2026-08-26T18:16:26.150315,19.031706,73.118815,43.5,22.9,52.3,29.2,68.2,6.1,79,84,15,LOCKED,-60
2026-08-26T18:16:28.150315,19.031729,73.118859,43.5,20.1,46.0,29.2,68.2,6.1,80,84,15,LOCKED,-60
2026-08-26T18:16:30.150315,19.031753,73.118903,43.5,28.9,36.5,29.2,68.2,6.0,79,84,15,LOCKED,-60
2026-08-26T18:16:32.150315,19.031776,73.118947,43.4,27.3,55.9,29.2,68.2,6.1,79,84,16,LOCKED,-59
2026-08-26T18:16:34.150315,19.031799,73.118991,43.4,31.4,48.3,29.2,68.3,6.1,80,84,16,LOCKED,-59
2026-08-26T18:16:36.150315,19.031822,73.119035,43.4,31.6,58.8,29.2,68.2,6.1,78,84,16,LOCKED,-60
2026-08-26T18:16:38.150315,19.031846,73.119078,43.5,34.6,57.7,29.2,68.2,6.0,77,84,16,LOCKED,-59
2026-08-26T18:16:40.150315,19.031869,73.119121,43.5,25.5,55.2,29.2,68.2,6.0,78,84,16,LOCKED,-59
2026-08-26T18:16:42.150315,19.031891,73.119164,43.5,23.2,45.3,29.1,68.2,6.0,77,84,16,LOCKED,-59
2026-08-26T18:16:44.150315,19.031914,73.119206,43.5,32.1,48.6,29.1,68.1,6.1,76,84,16,LOCKED,-58
2026-08-26T18:16:46.150315,19.031937,73.119249,43.6,23.3,41.4,29.2,68.1,6.1,75,84,16,LOCKED,-59
2026-08-26T18:16:48.150315,19.031959,73.119291,43.5,21.2,50.7,29.1,68.1,6.0,74,84,16,LOCKED,-59
2026-08-26T18:16:50.150315,19.031981,73.119331,43.5,32.5,42.5,29.1,68.1,6.0,73,84,16,LOCKED,-59
2026-08-26T18:16:52.150315,19.032003,73.119373,43.6,20.9,42.9,29.2,68.1,5.9,74,84,16,LOCKED,-59
2026-08-26T18:16:54.150315,19.032026,73.119414,43.6,21.5,41.4,29.1,68.2,6.0,74,84,15,LOCKED,-59
2026-08-26T18:16:56.150315,19.032048,73.119456,43.6,34.6,38.1,29.1,68.2,5.9,75,84,15,LOCKED,-59
2026-08-26T18:16:58.150315,19.032071,73.119498,43.7,27.9,39.7,29.1,68.2,5.9,76,84,15,LOCKED,-59
2026-08-26T18:17:00.150315,19.032093,73.119541,43.6,21.7,44.9,29.1,68.2,5.8,77,84,15,LOCKED,-60
2026-08-26T18:17:02.150315,19.032116,73.119583,43.6,26.7,37.2,29.1,68.2,5.8,77,83,15,LOCKED,-60
2026-08-26T18:17:04.150315,19.032138,73.119625,43.6,29.2,54.7,29.1,68.2,5.7,77,83,15,LOCKED,-60
2026-08-26T18:17:06.150315,19.032160,73.119666,43.6,24.3,47.2,29.1,68.2,5.7,77,83,16,LOCKED,-60
2026-08-26T18:17:08.150315,19.032182,73.119706,43.5,25.0,47.8,29.1,68.3,5.7,75,83,16,LOCKED,-60
2026-08-26T18:17:10.150315,19.032204,73.119747,43.5,29.8,36.0,29.1,68.3,5.8,76,83,16,LOCKED,-60
2026-08-26T18:17:12.150315,19.032227,73.119789,43.5,23.9,51.1,29.1,68.3,5.7,76,83,16,LOCKED,-60
2026-08-26T18:17:14.150315,19.032249,73.119830,43.6,34.3,43.2,29.1,68.4,5.6,77,83,16,LOCKED,-60
2026-08-26T18:17:16.150315,19.032271,73.119870,43.5,26.8,51.9,29.1,68.4,5.6,76,83,16,LOCKED,-60
2026-08-26T18:17:18.150315,19.032292,73.119911,43.5,21.7,59.9,29.1,68.4,5.7,76,83,15,LOCKED,-59
2026-08-26T18:17:20.150315,19.032315,73.119952,43.5,29.1,41.4,29.1,68.4,5.8,78,83,15,LOCKED,-59
2026-08-26T18:17:22.150315,19.032337,73.119993,43.4,24.0,44.7,29.1,68.4,5.7,76,83,14,LOCKED,-59
2026-08-26T18:17:24.150315,19.032359,73.120034,43.4,29.8,47.0,29.1,68.4,5.8,75,83,14,LOCKED,-60
2026-08-26T18:17:26.150315,19.032381,73.120075,43.3,20.1,58.8,29.2,68.4,5.8,75,83,14,LOCKED,-60
2026-08-26T18:17:28.150315,19.032403,73.120116,43.3,27.0,44.4,29.2,68.4,5.8,75,83,14,LOCKED,-60
2026-08-26T18:17:30.150315,19.032425,73.120158,43.2,21.5,37.3,29.2,68.4,5.8,77,83,14,LOCKED,-60
2026-08-26T18:17:32.150315,19.032448,73.120200,43.3,33.7,39.1,29.2,68.4,5.8,78,83,14,LOCKED,-59
2026-08-26T18:17:34.150315,19.032471,73.120243,43.4,30.8,36.9,29.2,68.4,5.8,79,83,14,LOCKED,-59
2026-08-26T18:17:36.150315,19.032494,73.120286,43.4,33.9,58.5,29.2,68.4,5.8,80,83,14,LOCKED,-59
2026-08-26T18:17:38.150315,19.032517,73.120329,43.4,27.5,40.1,29.1,68.4,5.8,79,83,14,LOCKED,-59
2026-08-26T18:17:40.150315,19.032539,73.120371,43.4,24.9,46.1,29.1,68.4,5.7,79,83,14,LOCKED,-59
2026-08-26T18:17:42.150315,19.032562,73.120414,43.3,33.7,55.3,29.1,68.4,5.8,80,83,14,LOCKED,-59
2026-08-26T18:17:44.150315,19.032585,73.120457,43.3,22.1,60.0,29.1,68.4,5.9,80,83,14,LOCKED,-58
2026-08-26T18:17:46.150315,19.032608,73.120499,43.2,20.7,56.2,29.1,68.4,5.8,78,83,14,LOCKED,-58
2026-08-26T18:17:48.150315,19.032630,73.120542,43.2,25.3,55.3,29.1,68.4,5.8,78,83,14,LOCKED,-58
2026-08-26T18:17:50.150315,19.032653,73.120583,43.2,31.5,44.7,29.1,68.5,5.8,76,83,14,LOCKED,-58
2026-08-26T18:17:52.150315,19.032675,73.120624,43.2,25.7,58.8,29.1,68.4,5.8,75,83,14,LOCKED,-58
2026-08-26T18:17:54.150315,19.032697,73.120666,43.3,32.1,57.8,29.1,68.5,5.9,77,83,13,LOCKED,-58
2026-08-26T18:17:56.150315,19.032719,73.120708,43.3,29.6,42.2,29.1,68.4,5.9,75,83,13,LOCKED,-58
2026-08-26T18:17:58.150315,19.032742,73.120750,43.2,22.8,47.8,29.1,68.4,6.0,77,83,13,LOCKED,-58
2026-08-26T18:18:00.150315,19.032765,73.120792,43.3,27.5,40.1,29.1,68.4,5.9,76,83,13,LOCKED,-58
2026-08-26T18:18:02.150315,19.032788,73.120835,43.2,30.7,35.5,29.1,68.5,5.9,77,82,13,LOCKED,-58
2026-08-26T18:18:04.150315,19.032810,73.120878,43.1,27.6,48.8,29.1,68.5,5.9,78,82,13,LOCKED,-58
2026-08-26T18:18:06.150315,19.032833,73.120920,43.2,30.5,36.2,29.0,68.5,5.8,78,82,13,LOCKED,-57
2026-08-26T18:18:08.150315,19.032856,73.120962,43.3,25.8,38.9,29.0,68.4,5.8,79,82,13,LOCKED,-58
2026-08-26T18:18:10.150315,19.032878,73.121004,43.2,20.1,37.4,29.0,68.4,5.8,78,82,13,LOCKED,-58
2026-08-26T18:18:12.150315,19.032901,73.121047,43.3,20.6,51.8,29.0,68.5,5.8,79,82,13,LOCKED,-58
2026-08-26T18:18:14.150315,19.032924,73.121089,43.2,20.9,39.8,29.0,68.5,5.8,80,82,13,LOCKED,-57
2026-08-26T18:18:16.150315,19.032946,73.121132,43.2,32.4,37.2,29.0,68.6,5.9,79,82,13,LOCKED,-57
2026-08-26T18:18:18.150315,19.032970,73.121176,43.1,30.4,52.2,29.0,68.6,5.9,81,82,13,LOCKED,-57
2026-08-26T18:18:20.150315,19.032993,73.121219,43.1,26.9,49.6,29.0,68.6,5.8,80,82,13,LOCKED,-57
2026-08-26T18:18:22.150315,19.033016,73.121262,43.0,23.7,36.0,29.0,68.6,5.8,80,82,13,LOCKED,-57
2026-08-26T18:18:24.150315,19.033039,73.121306,43.1,26.0,42.1,29.0,68.7,5.8,80,82,13,LOCKED,-57
2026-08-26T18:18:26.150315,19.033061,73.121348,43.2,28.8,56.7,29.0,68.7,5.7,79,82,13,LOCKED,-57
2026-08-26T18:18:28.150315,19.033084,73.121389,43.1,28.8,57.6,29.0,68.7,5.8,77,82,13,LOCKED,-57
2026-08-26T18:18:30.150315,19.033106,73.121432,43.2,21.5,49.2,29.1,68.7,5.8,78,82,13,LOCKED,-58
2026-08-26T18:18:32.150315,19.033129,73.121474,43.1,22.2,53.8,29.1,68.7,5.9,79,82,13,LOCKED,-58
2026-08-26T18:18:34.150315,19.033152,73.121517,43.0,29.9,51.2,29.1,68.6,5.9,78,82,13,LOCKED,-58
2026-08-26T18:18:36.150315,19.033174,73.121559,43.1,27.7,54.3,29.1,68.6,6.0,76,82,13,LOCKED,-58
2026-08-26T18:18:38.150315,19.033197,73.121602,43.0,29.2,38.4,29.0,68.6,6.1,77,82,13,LOCKED,-58
2026-08-26T18:18:40.150315,19.033220,73.121646,42.9,25.1,54.6,29.0,68.6,6.0,78,82,12,LOCKED,-58
2026-08-26T18:18:42.150315,19.033244,73.121689,42.9,20.9,35.4,29.1,68.6,6.0,79,82,12,LOCKED,-58
2026-08-26T18:18:44.150315,19.033266,73.121732,42.8,20.0,51.1,29.1,68.6,6.1,77,82,12,LOCKED,-57
2026-08-26T18:18:46.150315,19.033289,73.121775,42.7,31.5,45.2,29.1,68.6,6.1,77,82,12,LOCKED,-57
2026-08-26T18:18:48.150315,19.033313,73.121819,42.8,29.5,48.5,29.1,68.6,6.0,78,82,12,LOCKED,-57
2026-08-26T18:18:50.150315,19.033336,73.121862,42.7,24.2,45.2,29.1,68.6,5.9,78,82,12,LOCKED,-58
2026-08-26T18:18:52.150315,19.033358,73.121905,42.6,25.1,39.4,29.1,68.6,5.9,77,82,12,LOCKED,-58
2026-08-26T18:18:54.150315,19.033381,73.121947,42.6,31.2,43.2,29.1,68.6,6.0,76,82,12,LOCKED,-58
2026-08-26T18:18:56.150315,19.033404,73.121990,42.5,25.9,46.3,29.1,68.6,6.0,77,82,12,LOCKED,-58
2026-08-26T18:18:58.150315,19.033427,73.122033,42.5,28.7,39.3,29.1,68.6,6.1,78,82,12,LOCKED,-58
2026-08-26T18:19:00.150315,19.033450,73.122076,42.5,29.3,52.1,29.1,68.6,6.1,77,82,12,LOCKED,-58
2026-08-26T18:19:02.150315,19.033473,73.122120,42.6,34.7,45.5,29.1,68.6,6.1,77,81,12,LOCKED,-58
2026-08-26T18:19:04.150315,19.033496,73.122163,42.6,27.4,38.2,29.1,68.7,6.1,76,81,12,LOCKED,-58
2026-08-26T18:19:06.150315,19.033519,73.122207,42.7,32.9,37.6,29.1,68.7,6.1,78,81,12,LOCKED,-58
2026-08-26T18:19:08.150315,19.033542,73.122250,42.7,32.5,50.3,29.1,68.7,6.1,77,81,11,LOCKED,-58
2026-08-26T18:19:10.150315,19.033565,73.122293,42.6,20.1,44.1,29.1,68.7,6.1,77,81,11,LOCKED,-58
2026-08-26T18:19:12.150315,19.033588,73.122337,42.5,24.6,47.7,29.1,68.7,6.2,78,81,11,LOCKED,-58
2026-08-26T18:19:14.150315,19.033612,73.122382,42.4,28.2,47.5,29.1,68.7,6.2,79,81,11,LOCKED,-58
2026-08-26T18:19:16.150315,19.033636,73.122427,42.4,26.3,49.2,29.1,68.7,6.1,81,81,11,LOCKED,-57
2026-08-26T18:19:18.150315,19.033660,73.122473,42.4,29.8,39.9,29.1,68.7,6.1,82,81,11,LOCKED,-58
2026-08-26T18:19:20.150315,19.033684,73.122518,42.3,26.0,47.4,29.1,68.7,6.0,82,81,11,LOCKED,-58
2026-08-26T18:19:22.150315,19.033708,73.122563,42.3,26.4,46.9,29.1,68.7,6.1,83,81,11,LOCKED,-58
2026-08-26T18:19:24.150315,19.033732,73.122609,42.4,31.0,40.5,29.1,68.7,6.0,83,81,11,LOCKED,-57
2026-08-26T18:19:26.150315,19.033756,73.122655,42.4,20.1,46.2,29.1,68.7,6.0,85,81,11,LOCKED,-57
2026-08-26T18:19:28.150315,19.033780,73.122701,42.4,30.0,44.1,29.1,68.8,6.0,86,81,11,LOCKED,-57
2026-08-26T18:19:30.150315,19.033805,73.122748,42.3,28.2,45.0,29.1,68.8,6.0,87,81,11,LOCKED,-57
2026-08-26T18:19:32.150315,19.033829,73.122795,42.2,26.3,44.3,29.1,68.8,6.0,87,81,11,LOCKED,-57
2026-08-26T18:19:34.150315,19.033854,73.122842,42.1,34.8,52.2,29.1,68.8,6.0,86,81,11,LOCKED,-57
2026-08-26T18:19:36.150315,19.033878,73.122888,42.2,34.5,47.4,29.1,68.8,6.0,86,81,11,LOCKED,-57
2026-08-26T18:19:38.150315,19.033903,73.122935,42.3,28.6,47.9,29.1,68.9,6.1,87,81,11,LOCKED,-57
2026-08-26T18:19:40.150315,19.033927,73.122983,42.2,24.3,58.7,29.1,68.9,6.1,89,81,11,LOCKED,-57
2026-08-26T18:19:42.150315,19.033953,73.123031,42.2,21.6,40.4,29.1,68.9,6.1,89,81,11,LOCKED,-56
2026-08-26T18:19:44.150315,19.033978,73.123079,42.1,29.3,38.5,29.1,68.9,6.1,89,81,11,LOCKED,-56
2026-08-26T18:19:46.150315,19.034003,73.123128,42.1,26.1,47.4,29.1,68.8,6.1,90,81,11,LOCKED,-56
2026-08-26T18:19:48.150315,19.034028,73.123176,42.1,25.5,40.6,29.1,68.9,6.1,91,81,11,LOCKED,-56
2026-08-26T18:19:50.150315,19.034054,73.123224,42.0,30.7,47.6,29.1,68.9,6.1,92,81,11,LOCKED,-56
2026-08-26T18:19:52.150315,19.034080,73.123271,42.0,22.2,37.3,29.2,68.9,6.1,93,81,11,LOCKED,-56
2026-08-26T18:19:54.150315,19.034106,73.123318,42.1,26.3,48.9,29.2,68.9,6.1,95,81,11,LOCKED,-56
2026-08-26T18:19:56.150315,19.034132,73.123364,42.0,30.2,54.9,29.2,68.8,6.2,95,81,11,LOCKED,-56
2026-08-26T18:19:58.150315,19.034159,73.123410,41.9,23.2,38.1,29.2,68.8,6.2,97,81,11,LOCKED,-56
2026-08-26T18:20:00.150315,19.034185,73.123456,41.9,20.5,45.4,29.2,68.8,6.2,97,81,11,LOCKED,-56
2026-08-26T18:20:02.150315,19.034212,73.123502,42.0,20.9,59.9,29.2,68.8,6.1,98,80,11,LOCKED,-56
2026-08-26T18:20:04.150315,19.034239,73.123548,41.9,23.7,51.1,29.2,68.9,6.2,97,80,11,LOCKED,-56
2026-08-26T18:20:06.150315,19.034265,73.123595,41.9,21.4,40.8,29.2,68.9,6.1,96,80,11,LOCKED,-56
2026-08-26T18:20:08.150315,19.034292,73.123640,41.9,32.8,54.5,29.2,68.9,6.1,98,80,11,LOCKED,-56
2026-08-26T18:20:10.150315,19.034318,73.123686,41.9,24.6,56.2,29.2,68.9,6.0,97,80,11,LOCKED,-56
2026-08-26T18:20:12.150315,19.034344,73.123731,41.9,21.9,46.3,29.2,68.9,6.1,97,80,11,LOCKED,-56
2026-08-26T18:20:14.150315,19.034371,73.123777,41.9,31.2,45.2,29.2,68.9,6.2,98,80,11,LOCKED,-56
2026-08-26T18:20:16.150315,19.034397,73.123823,41.9,20.9,37.2,29.2,68.9,6.2,96,80,11,LOCKED,-56
2026-08-26T18:20:18.150315,19.034424,73.123870,41.8,22.3,35.9,29.2,68.9,6.2,97,80,11,LOCKED,-56
2026-08-26T18:20:20.150315,19.034451,73.123916,41.9,30.5,53.5,29.2,68.9,6.1,96,80,11,LOCKED,-56
2026-08-26T18:20:22.150315,19.034477,73.123963,41.9,30.6,46.5,29.1,68.9,6.2,95,80,11,LOCKED,-56
2026-08-26T18:20:24.150315,19.034503,73.124010,41.9,23.1,44.1,29.2,68.9,6.1,95,80,11,LOCKED,-56
2026-08-26T18:20:26.150315,19.034529,73.124057,41.8,28.8,43.6,29.1,68.8,6.1,93,80,11,LOCKED,-56
2026-08-26T18:20:28.150315,19.034555,73.124104,41.8,28.9,57.0,29.1,68.9,6.2,95,80,11,LOCKED,-56
2026-08-26T18:20:30.150315,19.034581,73.124151,41.8,32.3,59.4,29.1,68.9,6.1,94,80,11,LOCKED,-56
2026-08-26T18:20:32.150315,19.034607,73.124199,41.8,28.3,54.7,29.1,68.8,6.2,94,80,11,LOCKED,-56
2026-08-26T18:20:34.150315,19.034634,73.124246,41.8,23.3,37.3,29.1,68.8,6.2,94,80,11,LOCKED,-56
2026-08-26T18:20:36.150315,19.034660,73.124293,41.9,28.8,36.3,29.1,68.8,6.3,95,80,11,LOCKED,-56
2026-08-26T18:20:38.150315,19.034686,73.124342,41.8,21.8,59.4,29.1,68.9,6.2,93,80,11,LOCKED,-56
2026-08-26T18:20:40.150315,19.034713,73.124389,41.9,28.2,50.3,29.1,68.9,6.2,95,80,12,LOCKED,-56
2026-08-26T18:20:42.150315,19.034739,73.124437,41.9,24.5,44.4,29.1,68.9,6.2,94,80,12,LOCKED,-56
2026-08-26T18:20:44.150315,19.034765,73.124485,42.0,34.4,44.2,29.1,68.9,6.3,93,80,12,LOCKED,-56
2026-08-26T18:20:46.150315,19.034791,73.124533,42.0,25.1,56.2,29.1,68.9,6.3,94,80,12,LOCKED,-56
2026-08-26T18:20:48.150315,19.034818,73.124581,42.0,27.1,55.9,29.1,68.9,6.2,94,80,12,LOCKED,-56
2026-08-26T18:20:50.150315,19.034844,73.124629,42.1,29.3,36.7,29.1,68.8,6.2,94,80,12,LOCKED,-56
2026-08-26T18:20:52.150315,19.034870,73.124676,42.0,25.7,45.4,29.1,68.9,6.2,96,80,12,LOCKED,-56
2026-08-26T18:20:54.150315,19.034897,73.124722,42.1,25.5,42.8,29.1,68.9,6.2,97,80,12,LOCKED,-56
2026-08-26T18:20:56.150315,19.034924,73.124768,42.1,23.0,56.0,29.1,68.9,6.1,99,80,12,LOCKED,-56
2026-08-26T18:20:58.150315,19.034951,73.124812,42.2,28.3,51.0,29.2,68.9,6.1,101,80,12,LOCKED,-56
2026-08-26T18:21:00.150315,19.034978,73.124855,42.3,27.2,55.9,29.1,68.9,6.1,102,80,12,LOCKED,-56
2026-08-26T18:21:02.150315,19.034998,73.124891,42.3,20.2,52.9,29.2,68.8,6.0,104,79,12,LOCKED,-55
2026-08-26T18:21:04.150315,19.035017,73.124927,42.4,31.0,51.6,29.2,68.8,6.0,103,79,12,LOCKED,-55
2026-08-26T18:21:06.150315,19.035036,73.124962,42.4,31.9,40.5,29.2,68.8,6.0,105,79,12,LOCKED,-55
2026-08-26T18:21:08.150315,19.035055,73.124998,42.5,23.5,52.4,29.1,68.9,5.9,103,79,12,LOCKED,-55
2026-08-26T18:21:10.150315,19.035074,73.125034,42.5,30.4,54.5,29.2,68.9,5.9,102,79,12,LOCKED,-55
2026-08-26T18:21:12.150315,19.035093,73.125070,42.6,28.0,50.1,29.1,68.9,5.9,101,79,12,LOCKED,-55
2026-08-26T18:21:14.150315,19.035111,73.125106,42.6,28.7,35.0,29.1,68.9,6.0,101,79,12,LOCKED,-56
2026-08-26T18:21:16.150315,19.035130,73.125142,42.5,21.4,58.1,29.1,68.9,6.0,102,79,13,LOCKED,-55
2026-08-26T18:21:18.150315,19.035149,73.125178,42.5,25.5,59.4,29.1,68.9,6.0,102,79,13,LOCKED,-55
2026-08-26T18:21:20.150315,19.035168,73.125214,42.6,27.3,52.9,29.1,68.9,5.9,102,79,13,LOCKED,-55
2026-08-26T18:21:22.150315,19.035187,73.125250,42.6,22.9,46.5,29.1,68.9,5.9,101,79,13,LOCKED,-55
2026-08-26T18:21:24.150315,19.035205,73.125286,42.5,33.8,38.5,29.2,68.9,5.9,101,79,13,LOCKED,-56
2026-08-26T18:21:26.150315,19.035224,73.125322,42.4,30.1,56.4,29.1,68.9,5.9,102,79,13,LOCKED,-56
2026-08-26T18:21:28.150315,19.035243,73.125358,42.4,27.5,44.6,29.2,68.9,6.0,101,79,13,LOCKED,-56
2026-08-26T18:21:30.150315,19.035261,73.125394,42.5,21.0,39.9,29.2,68.8,6.0,101,79,13,LOCKED,-56
2026-08-26T18:21:32.150315,19.035280,73.125431,42.6,28.3,55.8,29.2,68.8,6.0,101,79,13,LOCKED,-56
2026-08-26T18:21:34.150315,19.035299,73.125467,42.6,30.7,52.1,29.2,68.8,6.0,100,79,13,LOCKED,-56
2026-08-26T18:21:36.150315,19.035317,73.125505,42.7,32.6,58.6,29.2,68.8,6.0,98,79,13,LOCKED,-56
2026-08-26T18:21:38.150315,19.035336,73.125543,42.7,34.5,51.5,29.2,68.8,5.9,99,79,13,LOCKED,-56
2026-08-26T18:21:40.150315,19.035354,73.125579,42.7,30.9,45.4,29.2,68.8,6.0,100,79,13,LOCKED,-57
2026-08-26T18:21:42.150315,19.035372,73.125617,42.7,28.6,59.8,29.2,68.8,5.9,98,79,14,LOCKED,-57
2026-08-26T18:21:44.150315,19.035390,73.125654,42.7,25.9,38.2,29.2,68.9,5.8,97,79,15,LOCKED,-57
2026-08-26T18:21:46.150315,19.035408,73.125691,42.7,22.7,44.5,29.2,68.9,5.7,98,79,16,LOCKED,-57
2026-08-26T18:21:48.150315,19.035426,73.125726,42.7,30.0,39.1,29.2,68.9,5.7,100,79,16,LOCKED,-57
2026-08-26T18:21:50.150315,19.035444,73.125761,42.7,27.8,36.6,29.2,68.9,5.6,101,79,16,LOCKED,-57
2026-08-26T18:21:52.150315,19.035462,73.125796,42.7,26.9,43.6,29.2,68.9,5.7,102,79,17,LOCKED,-58
2026-08-26T18:21:54.150315,19.035479,73.125831,42.6,22.3,57.2,29.2,68.9,5.7,100,79,17,LOCKED,-58
2026-08-26T18:21:56.150315,19.035497,73.125867,42.6,24.4,41.1,29.2,68.9,5.6,99,79,17,LOCKED,-58
2026-08-26T18:21:58.150315,19.035514,73.125902,42.6,32.2,39.9,29.2,68.9,5.5,99,79,17,LOCKED,-58
2026-08-26T18:22:00.150315,19.035532,73.125937,42.6,28.8,40.7,29.1,68.9,5.6,101,79,17,LOCKED,-58
2026-08-26T18:22:02.150315,19.035549,73.125971,42.5,30.7,53.2,29.1,68.9,5.6,100,78,17,LOCKED,-58
2026-08-26T18:22:04.150315,19.035567,73.126006,42.6,31.5,37.2,29.1,68.9,5.6,99,78,17,LOCKED,-58
2026-08-26T18:22:06.150315,19.035584,73.126042,42.7,34.8,59.0,29.1,69.0,5.5,98,78,17,LOCKED,-58
2026-08-26T18:22:08.150315,19.035601,73.126077,42.7,23.7,57.7,29.1,69.0,5.6,98,78,17,LOCKED,-58
2026-08-26T18:22:10.150315,19.035618,73.126113,42.8,29.6,49.5,29.1,69.1,5.5,98,78,17,LOCKED,-58
2026-08-26T18:22:12.150315,19.035636,73.126147,42.8,20.7,48.4,29.1,69.1,5.4,100,78,17,LOCKED,-58
2026-08-26T18:22:14.150315,19.035653,73.126181,42.7,30.4,54.9,29.1,69.1,5.3,99,78,17,LOCKED,-58
2026-08-26T18:22:16.150315,19.035669,73.126214,42.7,31.6,55.5,29.1,69.1,5.4,100,78,17,LOCKED,-58
2026-08-26T18:22:18.150315,19.035687,73.126248,42.6,23.0,52.1,29.1,69.1,5.4,102,78,17,LOCKED,-57
2026-08-26T18:22:20.150315,19.035704,73.126281,42.7,33.6,53.1,29.1,69.1,5.3,102,78,17,LOCKED,-57
2026-08-26T18:22:22.150315,19.035721,73.126313,42.6,27.7,59.4,29.1,69.1,5.3,102,78,17,LOCKED,-57
2026-08-26T18:22:24.150315,19.035738,73.126346,42.6,29.3,54.3,29.1,69.1,5.2,102,78,17,LOCKED,-57
2026-08-26T18:22:26.150315,19.035755,73.126378,42.7,30.8,57.9,29.1,69.2,5.2,102,78,17,LOCKED,-57
2026-08-26T18:22:28.150315,19.035771,73.126410,42.7,20.2,42.1,29.1,69.2,5.2,102,78,17,LOCKED,-57
2026-08-26T18:22:30.150315,19.035788,73.126442,42.7,28.5,58.1,29.1,69.2,5.2,101,78,17,LOCKED,-57
2026-08-26T18:22:32.150315,19.035805,73.126475,42.6,23.8,57.8,29.1,69.2,5.3,101,78,17,LOCKED,-57
2026-08-26T18:22:34.150315,19.035821,73.126508,42.6,26.0,48.8,29.1,69.2,5.2,99,78,17,LOCKED,-57
2026-08-26T18:22:36.150315,19.035837,73.126542,42.6,28.3,41.3,29.1,69.2,5.2,98,78,17,LOCKED,-57
2026-08-26T18:22:38.150315,19.035853,73.126575,42.6,28.9,37.5,29.1,69.2,5.1,99,78,18,LOCKED,-57
2026-08-26T18:22:40.150315,19.035870,73.126607,42.6,24.6,55.0,29.0,69.1,5.0,101,78,18,LOCKED,-56
2026-08-26T18:22:42.150315,19.035886,73.126638,42.5,29.1,51.1,29.0,69.1,5.0,101,78,18,LOCKED,-57
2026-08-26T18:22:44.150315,19.035902,73.126670,42.5,21.0,43.4,29.0,69.1,5.0,100,78,18,LOCKED,-57
2026-08-26T18:22:46.150315,19.035917,73.126703,42.5,22.8,54.2,29.0,69.1,5.0,98,78,18,LOCKED,-58
2026-08-26T18:22:48.150315,19.035933,73.126734,42.4,26.2,38.0,29.0,69.1,5.0,100,78,18,LOCKED,-57
2026-08-26T18:22:50.150315,19.035949,73.126767,42.4,29.9,43.5,29.0,69.1,5.1,98,78,17,LOCKED,-57
2026-08-26T18:22:52.150315,19.035965,73.126799,42.5,32.9,43.1,29.0,69.1,5.1,99,78,17,LOCKED,-58
2026-08-26T18:22:54.150315,19.035981,73.126832,42.4,23.4,38.6,29.0,69.1,5.1,98,78,17,LOCKED,-58
2026-08-26T18:22:56.150315,19.035996,73.126865,42.4,26.7,59.1,29.0,69.1,5.1,98,78,17,LOCKED,-58
2026-08-26T18:22:58.150315,19.036012,73.126898,42.5,24.1,58.3,29.0,69.1,5.1,97,78,17,LOCKED,-58
2026-08-26T18:23:00.150315,19.036028,73.126931,42.5,25.4,54.9,29.0,69.1,5.0,96,78,17,LOCKED,-58
2026-08-26T18:23:02.150315,19.036043,73.126964,42.4,22.6,50.4,29.0,69.1,4.9,96,77,17,LOCKED,-58
2026-08-26T18:23:04.150315,19.036058,73.126997,42.5,34.8,54.3,29.0,69.1,5.0,96,77,17,LOCKED,-59
2026-08-26T18:23:06.150315,19.036073,73.127029,42.5,27.0,53.5,29.0,69.1,5.0,97,77,17,LOCKED,-59
2026-08-26T18:23:08.150315,19.036089,73.127062,42.4,22.2,52.7,29.0,69.1,5.0,98,77,17,LOCKED,-59
2026-08-26T18:23:10.150315,19.036105,73.127095,42.3,23.3,49.9,29.0,69.2,5.0,97,77,17,LOCKED,-59
2026-08-26T18:23:12.150315,19.036120,73.127128,42.4,34.2,48.9,29.0,69.1,4.9,95,77,17,LOCKED,-59
2026-08-26T18:23:14.150315,19.036135,73.127161,42.3,33.6,51.5,29.0,69.1,4.9,96,77,17,LOCKED,-59
2026-08-26T18:23:16.150315,19.036150,73.127193,42.2,25.7,43.2,29.0,69.1,4.9,97,77,17,LOCKED,-59
2026-08-26T18:23:18.150315,19.036166,73.127225,42.3,33.2,52.6,29.0,69.2,4.9,97,77,17,LOCKED,-59
2026-08-26T18:23:20.150315,19.036181,73.127257,42.4,34.2,46.5,29.0,69.2,4.9,98,77,17,LOCKED,-59
2026-08-26T18:23:22.150315,19.036196,73.127288,42.3,30.7,37.8,29.0,69.2,4.9,99,77,17,LOCKED,-59
2026-08-26T18:23:24.150315,19.036212,73.127320,42.3,24.8,47.9,29.0,69.2,5.0,98,77,16,LOCKED,-60
2026-08-26T18:23:26.150315,19.036227,73.127352,42.2,31.5,57.3,29.0,69.2,5.0,99,77,16,LOCKED,-59
2026-08-26T18:23:28.150315,19.036243,73.127384,42.3,31.6,47.6,29.0,69.2,4.9,99,77,16,LOCKED,-59
2026-08-26T18:23:30.150315,19.036258,73.127416,42.2,33.9,49.7,29.0,69.3,5.0,97,77,16,LOCKED,-59
2026-08-26T18:23:32.150315,19.036274,73.127449,42.3,25.5,35.3,29.0,69.3,4.9,98,77,16,LOCKED,-59
2026-08-26T18:23:34.150315,19.036290,73.127480,42.3,24.6,40.4,29.0,69.3,4.9,100,77,16,LOCKED,-59
2026-08-26T18:23:36.150315,19.036306,73.127511,42.2,24.0,39.2,29.0,69.3,4.9,100,77,16,LOCKED,-59
2026-08-26T18:23:38.150315,19.036321,73.127542,42.2,24.5,53.8,29.0,69.3,5.0,102,77,15,LOCKED,-59
2026-08-26T18:23:40.150315,19.036337,73.127573,42.1,26.4,46.2,29.0,69.3,5.0,101,77,15,LOCKED,-59
2026-08-26T18:23:42.150315,19.036353,73.127604,42.1,25.0,39.1,29.0,69.3,4.9,101,77,15,LOCKED,-59
2026-08-26T18:23:44.150315,19.036369,73.127634,42.0,22.9,47.9,29.0,69.4,4.8,102,77,15,LOCKED,-59
2026-08-26T18:23:46.150315,19.036385,73.127664,42.1,29.9,45.1,29.0,69.3,4.7,103,77,15,LOCKED,-58
2026-08-26T18:23:48.150315,19.036400,73.127693,42.1,33.9,52.3,29.0,69.3,4.6,103,77,15,LOCKED,-58
2026-08-26T18:23:50.150315,19.036416,73.127722,42.1,21.2,52.4,29.0,69.3,4.6,105,77,15,LOCKED,-57
2026-08-26T18:23:52.150315,19.036431,73.127750,42.1,32.6,47.2,29.0,69.3,4.5,105,77,15,LOCKED,-57
2026-08-26T18:23:54.150315,19.036446,73.127777,42.0,24.6,40.4,29.0,69.3,4.5,104,77,15,LOCKED,-57
2026-08-26T18:23:56.150315,19.036461,73.127805,42.0,23.3,39.7,29.0,69.3,4.5,106,77,15,LOCKED,-57
2026-08-26T18:23:58.150315,19.036477,73.127831,42.1,30.7,59.8,29.0,69.3,4.4,107,77,15,LOCKED,-57
2026-08-26T18:24:00.150315,19.036492,73.127857,42.1,27.1,51.1,29.0,69.3,4.3,108,77,15,LOCKED,-57
2026-08-26T18:24:02.150315,19.036507,73.127883,42.1,22.0,36.9,29.0,69.3,4.4,108,76,15,LOCKED,-57
2026-08-26T18:24:04.150315,19.036522,73.127909,42.0,23.1,41.5,29.0,69.3,4.4,107,76,15,LOCKED,-57
2026-08-26T18:24:06.150315,19.036537,73.127936,42.0,28.8,53.4,29.0,69.3,4.4,106,76,15,LOCKED,-57
2026-08-26T18:24:08.150315,19.036552,73.127962,42.1,34.3,53.2,29.0,69.4,4.5,108,76,15,LOCKED,-56
2026-08-26T18:24:10.150315,19.036568,73.127988,42.0,29.0,45.6,29.0,69.3,4.5,109,76,15,LOCKED,-57
2026-08-26T18:24:12.150315,19.036583,73.128015,42.1,27.0,36.3,29.0,69.3,4.4,107,76,15,LOCKED,-57
2026-08-26T18:24:14.150315,19.036598,73.128042,42.0,33.2,50.1,29.0,69.3,4.5,107,76,15,LOCKED,-57
2026-08-26T18:24:16.150315,19.036614,73.128069,42.0,23.0,48.7,29.0,69.3,4.5,107,76,14,LOCKED,-56
2026-08-26T18:24:18.150315,19.036629,73.128095,42.0,29.5,38.8,29.0,69.3,4.4,108,76,14,LOCKED,-57
2026-08-26T18:24:20.150315,19.036644,73.128122,41.9,30.7,55.4,29.0,69.2,4.3,108,76,14,LOCKED,-57
2026-08-26T18:24:22.150315,19.036660,73.128147,42.0,28.0,53.0,29.0,69.2,4.4,110,76,14,LOCKED,-57
2026-08-26T18:24:24.150315,19.036675,73.128173,41.9,26.3,56.7,29.0,69.3,4.4,108,76,13,LOCKED,-57
2026-08-26T18:24:26.150315,19.036690,73.128199,41.9,30.3,47.3,29.0,69.2,4.3,107,76,14,LOCKED,-57
2026-08-26T18:24:28.150315,19.036705,73.128225,41.9,22.8,44.7,29.0,69.2,4.4,109,76,14,LOCKED,-57
2026-08-26T18:24:30.150315,19.036720,73.128251,41.8,21.8,45.0,29.0,69.2,4.4,108,76,14,LOCKED,-58
2026-08-26T18:24:32.150315,19.036736,73.128277,41.7,34.1,37.7,29.0,69.2,4.4,110,76,14,LOCKED,-57
2026-08-26T18:24:34.150315,19.036751,73.128303,41.7,31.9,55.3,29.0,69.2,4.4,109,76,14,LOCKED,-58
2026-08-26T18:24:36.150315,19.036766,73.128329,41.7,28.2,35.3,29.0,69.2,4.5,108,76,14,LOCKED,-58
2026-08-26T18:24:38.150315,19.036782,73.128356,41.8,31.2,41.4,29.0,69.1,4.5,107,76,14,LOCKED,-58
2026-08-26T18:24:40.150315,19.036797,73.128383,41.7,32.5,39.5,28.9,69.1,4.6,106,76,14,LOCKED,-58
2026-08-26T18:24:42.150315,19.036813,73.128411,41.8,24.4,44.1,29.0,69.2,4.5,107,76,14,LOCKED,-58
2026-08-26T18:24:44.150315,19.036828,73.128438,41.8,22.8,55.5,29.0,69.1,4.5,107,76,14,LOCKED,-57
2026-08-26T18:24:46.150315,19.036843,73.128464,41.9,20.9,52.6,28.9,69.1,4.5,107,76,14,LOCKED,-57
2026-08-26T18:24:48.150315,19.036859,73.128491,41.8,28.1,46.1,28.9,69.1,4.6,108,76,13,LOCKED,-57
2026-08-26T18:24:50.150315,19.036875,73.128517,41.8,25.9,42.8,28.9,69.2,4.6,109,76,13,LOCKED,-57
2026-08-26T18:24:52.150315,19.036891,73.128544,41.9,23.2,59.0,28.9,69.2,4.7,109,76,13,LOCKED,-57
2026-08-26T18:24:54.150315,19.036907,73.128572,41.8,34.1,37.1,29.0,69.1,4.8,108,76,13,LOCKED,-56
2026-08-26T18:24:56.150315,19.036923,73.128599,41.7,29.3,38.9,29.0,69.2,4.7,109,76,13,LOCKED,-57
2026-08-26T18:24:58.150315,19.036939,73.128626,41.8,23.3,48.0,28.9,69.2,4.7,109,76,13,LOCKED,-57
2026-08-26T18:25:00.150315,19.036956,73.128654,41.8,25.9,55.8,29.0,69.2,4.7,108,76,13,LOCKED,-57
2026-08-26T18:25:02.150315,19.036972,73.128681,41.7,23.0,51.5,29.0,69.3,4.6,109,75,13,LOCKED,-57
2026-08-26T18:25:04.150315,19.036988,73.128708,41.8,28.0,42.2,29.0,69.3,4.7,109,75,13,LOCKED,-57
2026-08-26T18:25:06.150315,19.037004,73.128735,41.7,22.7,59.7,29.0,69.3,4.7,108,75,13,LOCKED,-57
2026-08-26T18:25:08.150315,19.037020,73.128763,41.8,31.9,41.9,29.0,69.4,4.6,109,75,13,LOCKED,-57
2026-08-26T18:25:10.150315,19.037036,73.128790,41.8,31.6,56.9,29.0,69.3,4.6,108,75,13,LOCKED,-57
2026-08-26T18:25:12.150315,19.037052,73.128817,41.8,28.7,48.5,29.0,69.3,4.5,107,75,13,LOCKED,-58
2026-08-26T18:25:14.150315,19.037067,73.128844,41.8,22.5,53.1,29.0,69.3,4.6,106,75,13,LOCKED,-57
2026-08-26T18:25:16.150315,19.037083,73.128872,41.7,31.4,37.1,29.0,69.3,4.7,106,75,13,LOCKED,-58
2026-08-26T18:25:18.150315,19.037098,73.128900,41.7,29.1,36.4,29.0,69.3,4.6,107,75,13,LOCKED,-58
2026-08-26T18:25:20.150315,19.037114,73.128928,41.7,20.7,52.5,29.0,69.4,4.6,106,75,13,LOCKED,-58
2026-08-26T18:25:22.150315,19.037130,73.128955,41.7,29.4,51.5,28.9,69.3,4.7,106,75,13,LOCKED,-58
2026-08-26T18:25:24.150315,19.037145,73.128984,41.6,34.5,48.9,28.9,69.3,4.7,104,75,13,LOCKED,-59
2026-08-26T18:25:26.150315,19.037161,73.129013,41.7,23.7,58.5,28.9,69.3,4.7,104,75,13,LOCKED,-59
2026-08-26T18:25:28.150315,19.037177,73.129041,41.7,31.0,55.1,28.9,69.3,4.7,105,75,13,LOCKED,-59
2026-08-26T18:25:30.150315,19.037192,73.129070,41.6,28.0,43.1,28.9,69.3,4.7,105,75,13,LOCKED,-59
2026-08-26T18:25:32.150315,19.037208,73.129099,41.7,20.3,57.0,28.9,69.3,4.6,104,75,13,LOCKED,-59
2026-08-26T18:25:34.150315,19.037223,73.129126,41.7,28.6,49.6,28.9,69.3,4.6,105,75,13,LOCKED,-59
2026-08-26T18:25:36.150315,19.037239,73.129155,41.7,21.2,46.0,28.9,69.3,4.7,105,75,13,LOCKED,-59
2026-08-26T18:25:38.150315,19.037254,73.129184,41.8,30.2,44.9,28.9,69.4,4.8,103,75,13,LOCKED,-58
2026-08-26T18:25:40.150315,19.037270,73.129213,41.7,22.0,46.7,28.9,69.4,4.8,105,75,13,LOCKED,-58
2026-08-26T18:25:42.150315,19.037286,73.129242,41.7,23.9,55.5,28.9,69.3,4.8,104,75,13,LOCKED,-58
2026-08-26T18:25:44.150315,19.037302,73.129271,41.7,29.8,57.3,28.9,69.3,4.7,104,75,13,LOCKED,-58
2026-08-26T18:25:46.150315,19.037318,73.129300,41.8,20.5,48.8,29.0,69.3,4.7,104,75,12,LOCKED,-58
2026-08-26T18:25:48.150315,19.037333,73.129328,41.8,34.2,52.4,29.0,69.2,4.6,106,75,12,LOCKED,-58
2026-08-26T18:25:50.150315,19.037349,73.129356,41.8,31.6,44.2,29.0,69.2,4.7,106,75,12,LOCKED,-58
2026-08-26T18:25:52.150315,19.037365,73.129384,41.8,34.3,51.0,29.0,69.2,4.6,108,75,12,LOCKED,-58
2026-08-26T18:25:54.150315,19.037381,73.129411,41.8,34.0,46.2,29.0,69.2,4.6,106,75,12,LOCKED,-59
2026-08-26T18:25:56.150315,19.037396,73.129439,41.8,21.5,52.6,29.0,69.2,4.5,106,75,12,LOCKED,-59
2026-08-26T18:25:58.150315,19.037412,73.129467,41.9,31.8,35.7,29.0,69.2,4.5,106,75,12,LOCKED,-59
2026-08-26T18:26:00.150315,19.037427,73.129494,41.9,32.2,51.5,29.0,69.2,4.6,107,75,12,LOCKED,-59
2026-08-26T18:26:02.150315,19.037442,73.129521,41.8,22.0,52.6,29.0,69.2,4.6,105,74,12,LOCKED,-58
2026-08-26T18:26:04.150315,19.037458,73.129549,41.9,28.1,47.6,29.0,69.2,4.6,105,74,12,LOCKED,-58
2026-08-26T18:26:06.150315,19.037473,73.129578,41.9,32.5,55.8,29.0,69.2,4.6,104,74,12,LOCKED,-59
2026-08-26T18:26:08.150315,19.037488,73.129607,41.8,26.0,51.0,29.0,69.2,4.7,102,74,12,LOCKED,-59
2026-08-26T18:26:10.150315,19.037503,73.129637,41.8,25.7,51.8,29.0,69.3,4.8,101,74,12,LOCKED,-59
2026-08-26T18:26:12.150315,19.037519,73.129667,41.8,28.7,50.9,29.0,69.2,4.8,100,74,12,LOCKED,-59
2026-08-26T18:26:14.150315,19.037534,73.129698,41.8,21.6,44.8,29.0,69.2,4.9,100,74,12,LOCKED,-58
2026-08-26T18:26:16.150315,19.037550,73.129729,41.8,28.4,51.6,28.9,69.3,5.0,101,74,12,LOCKED,-59
2026-08-26T18:26:18.150315,19.037566,73.129760,41.9,30.6,40.5,29.0,69.3,5.0,100,74,12,LOCKED,-59
2026-08-26T18:26:20.150315,19.037582,73.129792,41.9,29.3,53.9,29.0,69.3,5.0,101,74,12,LOCKED,-59
2026-08-26T18:26:22.150315,19.037598,73.129823,41.9,21.7,35.9,28.9,69.2,5.0,101,74,12,LOCKED,-59
2026-08-26T18:26:24.150315,19.037614,73.129855,41.9,26.9,38.3,28.9,69.2,4.9,100,74,12,LOCKED,-59
2026-08-26T18:26:26.150315,19.037629,73.129887,41.8,34.3,45.0,28.9,69.2,5.0,98,74,12,LOCKED,-60
2026-08-26T18:26:28.150315,19.037645,73.129920,41.8,31.5,44.0,28.9,69.2,5.1,97,74,12,LOCKED,-59
2026-08-26T18:26:30.150315,19.037660,73.129953,41.7,21.4,42.3,28.9,69.2,5.1,98,74,12,LOCKED,-59
2026-08-26T18:26:32.150315,19.037676,73.129985,41.7,27.2,38.6,28.9,69.3,5.1,99,74,12,LOCKED,-59
2026-08-26T18:26:34.150315,19.037692,73.130018,41.7,32.0,49.5,28.9,69.2,5.0,99,74,12,LOCKED,-59
2026-08-26T18:26:36.150315,19.037708,73.130050,41.6,25.1,45.2,28.9,69.2,5.1,100,74,12,LOCKED,-59
2026-08-26T18:26:38.150315,19.037724,73.130082,41.5,24.0,57.2,28.9,69.1,5.2,99,74,12,LOCKED,-59
2026-08-26T18:26:40.150315,19.037741,73.130115,41.5,32.1,47.5,28.9,69.1,5.1,100,74,12,LOCKED,-59
2026-08-26T18:26:42.150315,19.037757,73.130148,41.6,31.2,43.8,28.9,69.1,5.2,99,74,12,LOCKED,-59
2026-08-26T18:26:44.150315,19.037773,73.130181,41.6,22.5,41.9,28.9,69.1,5.2,97,74,12,LOCKED,-58
2026-08-26T18:26:46.150315,19.037789,73.130215,41.5,22.1,39.6,28.9,69.1,5.1,98,74,12,LOCKED,-59
2026-08-26T18:26:48.150315,19.037805,73.130248,41.5,23.5,47.5,28.9,69.1,5.2,97,74,12,LOCKED,-58
2026-08-26T18:26:50.150315,19.037820,73.130283,41.6,32.5,58.0,28.9,69.1,5.1,95,74,12,LOCKED,-58
2026-08-26T18:26:52.150315,19.037835,73.130317,41.7,24.0,45.9,28.9,69.2,5.0,93,74,12,LOCKED,-58
2026-08-26T18:26:54.150315,19.037851,73.130350,41.7,31.5,47.9,28.9,69.2,5.1,95,74,12,LOCKED,-58
2026-08-26T18:26:56.150315,19.037866,73.130385,41.8,30.0,48.3,28.9,69.2,5.1,93,74,12,LOCKED,-59
2026-08-26T18:26:58.150315,19.037881,73.130420,41.7,22.5,35.4,28.9,69.2,5.0,93,74,12,LOCKED,-59
2026-08-26T18:27:00.150315,19.037896,73.130454,41.8,34.2,44.2,28.9,69.1,5.0,92,74,12,LOCKED,-59
2026-08-26T18:27:02.150315,19.037911,73.130489,41.7,21.2,59.8,28.9,69.1,5.0,91,73,11,LOCKED,-59
2026-08-26T18:27:04.150315,19.037925,73.130524,41.7,22.8,59.1,28.9,69.1,5.0,91,73,11,LOCKED,-60
2026-08-26T18:27:06.150315,19.037940,73.130558,41.8,21.1,58.8,28.9,69.1,5.0,92,73,11,LOCKED,-60
2026-08-26T18:27:08.150315,19.037955,73.130592,41.8,21.1,35.4,28.9,69.2,4.9,93,73,11,LOCKED,-59
2026-08-26T18:27:10.150315,19.037970,73.130625,41.8,20.8,41.8,28.9,69.2,4.9,94,73,11,LOCKED,-59
2026-08-26T18:27:12.150315,19.037984,73.130658,41.7,20.4,37.5,28.9,69.2,4.9,94,73,11,LOCKED,-59
2026-08-26T18:27:14.150315,19.037999,73.130691,41.8,23.6,44.8,28.9,69.1,4.9,95,73,11,LOCKED,-59
2026-08-26T18:27:16.150315,19.038014,73.130723,41.8,28.2,52.3,28.9,69.1,4.8,97,73,11,LOCKED,-59
2026-08-26T18:27:18.150315,19.038029,73.130755,41.7,21.9,39.3,28.9,69.0,4.8,96,73,11,LOCKED,-59
2026-08-26T18:27:20.150315,19.038044,73.130786,41.7,20.4,41.6,28.9,69.0,4.7,97,73,11,LOCKED,-60
2026-08-26T18:27:22.150315,19.038059,73.130817,41.8,21.2,51.8,28.9,69.0,4.7,99,73,11,LOCKED,-59
2026-08-26T18:27:24.150315,19.038074,73.130847,41.7,20.1,35.3,28.9,69.0,4.8,101,73,11,LOCKED,-59
2026-08-26T18:27:26.150315,19.038090,73.130877,41.8,22.8,59.6,28.9,69.0,4.8,102,73,11,LOCKED,-59
2026-08-26T18:27:28.150315,19.038105,73.130907,41.8,24.5,37.3,28.9,69.0,4.8,101,73,11,LOCKED,-58
2026-08-26T18:27:30.150315,19.038121,73.130938,41.9,23.7,36.5,28.9,69.0,4.8,99,73,11,LOCKED,-58
2026-08-26T18:27:32.150315,19.038136,73.130969,41.8,23.9,52.4,28.9,69.0,4.8,100,73,11,LOCKED,-57
2026-08-26T18:27:34.150315,19.038151,73.131000,41.8,32.8,54.1,28.9,69.0,4.8,98,73,11,LOCKED,-58
2026-08-26T18:27:36.150315,19.038166,73.131031,41.7,26.7,47.6,28.8,69.0,4.8,99,73,11,LOCKED,-57
2026-08-26T18:27:38.150315,19.038181,73.131062,41.7,31.3,58.5,28.8,69.0,4.7,97,73,11,LOCKED,-57
2026-08-26T18:27:40.150315,19.038196,73.131093,41.6,20.8,53.8,28.8,69.0,4.6,97,73,11,LOCKED,-57
2026-08-26T18:27:42.150315,19.038210,73.131124,41.7,20.7,36.4,28.8,69.0,4.7,96,73,11,LOCKED,-57
2026-08-26T18:27:44.150315,19.038225,73.131155,41.7,32.3,57.6,28.8,69.0,4.8,96,73,11,LOCKED,-57
2026-08-26T18:27:46.150315,19.038239,73.131187,41.6,20.4,43.2,28.8,69.0,4.8,94,73,11,LOCKED,-58
2026-08-26T18:27:48.150315,19.038254,73.131220,41.7,32.8,54.2,28.8,69.1,4.7,94,73,11,LOCKED,-57
2026-08-26T18:27:50.150315,19.038268,73.131252,41.7,21.5,41.2,28.9,69.0,4.8,93,73,11,LOCKED,-58
2026-08-26T18:27:52.150315,19.038282,73.131285,41.7,32.4,51.3,28.9,69.0,4.8,93,73,11,LOCKED,-58
2026-08-26T18:27:54.150315,19.038297,73.131318,41.8,25.1,41.9,28.9,69.0,4.8,92,73,11,LOCKED,-57
2026-08-26T18:27:56.150315,19.038311,73.131351,41.7,25.3,46.8,28.9,69.0,4.9,91,73,10,LOCKED,-57
2026-08-26T18:27:58.150315,19.038325,73.131384,41.7,32.2,35.9,28.9,69.0,4.8,92,73,10,LOCKED,-57
2026-08-26T18:28:00.150315,19.038340,73.131417,41.8,26.6,42.1,28.8,69.0,4.7,93,73,10,LOCKED,-57
2026-08-26T18:28:02.150315,19.038354,73.131450,41.7,22.2,54.9,28.8,69.0,4.7,92,72,10,LOCKED,-58
2026-08-26T18:28:04.150315,19.038368,73.131482,41.6,33.4,53.4,28.8,69.0,4.8,92,72,9,LOCKED,-58
2026-08-26T18:28:06.150315,19.038382,73.131516,41.6,34.7,57.6,28.8,69.0,4.9,91,72,9,LOCKED,-57
2026-08-26T18:28:08.150315,19.038396,73.131550,41.5,23.1,47.2,28.8,69.1,4.9,91,72,9,LOCKED,-58
2026-08-26T18:28:10.150315,19.038411,73.131584,41.5,30.6,47.7,28.8,69.0,5.0,91,72,9,LOCKED,-57
2026-08-26T18:28:12.150315,19.038425,73.131619,41.5,21.0,44.9,28.8,69.0,5.0,89,72,9,LOCKED,-58
2026-08-26T18:28:14.150315,19.038439,73.131653,41.5,21.1,53.6,28.8,69.1,5.0,88,72,9,LOCKED,-58
2026-08-26T18:28:16.150315,19.038454,73.131687,41.5,21.1,45.5,28.8,69.1,5.0,88,72,9,LOCKED,-58
2026-08-26T18:28:18.150315,19.038468,73.131721,41.6,23.4,49.4,28.7,69.1,5.0,87,72,9,LOCKED,-58
2026-08-26T18:28:20.150315,19.038482,73.131755,41.5,20.1,42.1,28.8,69.1,5.0,86,72,9,LOCKED,-58
2026-08-26T18:28:22.150315,19.038496,73.131789,41.5,27.3,36.9,28.8,69.1,5.1,88,72,9,LOCKED,-57
2026-08-26T18:28:24.150315,19.038510,73.131824,41.5,32.1,59.4,28.8,69.1,5.1,88,72,9,LOCKED,-57
2026-08-26T18:28:26.150315,19.038525,73.131859,41.5,24.2,39.2,28.8,69.1,5.1,88,72,9,LOCKED,-57
2026-08-26T18:28:28.150315,19.038539,73.131894,41.4,27.5,53.6,28.7,69.1,5.1,87,72,9,LOCKED,-57
2026-08-26T18:28:30.150315,19.038553,73.131928,41.3,28.2,47.7,28.7,69.1,5.1,86,72,9,LOCKED,-58
2026-08-26T18:28:32.150315,19.038567,73.131961,41.2,32.0,59.8,28.7,69.0,5.0,84,72,9,LOCKED,-58
2026-08-26T18:28:34.150315,19.038581,73.131994,41.2,29.8,38.8,28.7,69.1,4.9,83,72,9,LOCKED,-58
2026-08-26T18:28:36.150315,19.038594,73.132026,41.2,32.2,49.1,28.7,69.1,4.9,82,72,9,LOCKED,-58
2026-08-26T18:28:38.150315,19.038607,73.132057,41.1,27.8,45.1,28.7,69.0,4.9,81,72,9,LOCKED,-58
2026-08-26T18:28:40.150315,19.038620,73.132089,41.1,34.9,53.0,28.7,69.1,5.0,82,72,9,LOCKED,-58
2026-08-26T18:28:42.150315,19.038633,73.132120,41.1,30.5,40.6,28.7,69.1,5.0,80,72,9,LOCKED,-57
2026-08-26T18:28:44.150315,19.038646,73.132152,41.1,33.0,47.6,28.7,69.1,5.0,80,72,9,LOCKED,-58
2026-08-26T18:28:46.150315,19.038659,73.132184,41.0,31.0,55.6,28.7,69.1,5.1,81,72,9,LOCKED,-58
2026-08-26T18:28:48.150315,19.038673,73.132216,41.0,22.3,53.4,28.7,69.1,5.1,82,72,9,LOCKED,-58
2026-08-26T18:28:50.150315,19.038686,73.132250,40.9,21.0,49.6,28.7,69.0,5.2,83,72,9,LOCKED,-58
2026-08-26T18:28:52.150315,19.038700,73.132283,40.9,27.6,44.2,28.7,69.0,5.1,81,72,9,LOCKED,-58
2026-08-26T18:28:54.150315,19.038714,73.132315,40.9,30.9,46.1,28.7,68.9,5.1,81,72,9,LOCKED,-58
2026-08-26T18:28:56.150315,19.038727,73.132347,41.0,29.3,48.6,28.7,69.0,5.1,79,72,8,LOCKED,-58
2026-08-26T18:28:58.150315,19.038740,73.132379,41.0,26.9,44.6,28.7,69.0,5.1,80,72,8,LOCKED,-58
2026-08-26T18:29:00.150315,19.038754,73.132412,41.0,23.3,57.3,28.7,69.0,5.1,81,72,8,LOCKED,-58
2026-08-26T18:29:02.150315,19.038767,73.132444,41.0,28.5,48.2,28.7,69.0,5.1,80,71,9,LOCKED,-59
2026-08-26T18:29:04.150315,19.038780,73.132476,41.1,20.8,58.1,28.7,69.0,5.1,79,71,9,LOCKED,-58
2026-08-26T18:29:06.150315,19.038793,73.132507,41.2,27.5,47.7,28.7,69.0,5.0,78,71,9,LOCKED,-58
2026-08-26T18:29:08.150315,19.038806,73.132538,41.1,27.7,39.6,28.7,69.0,5.0,78,71,9,LOCKED,-58
2026-08-26T18:29:10.150315,19.038819,73.132569,41.2,23.6,38.9,28.7,69.0,4.9,77,71,10,LOCKED,-58
2026-08-26T18:29:12.150315,19.038831,73.132599,41.2,25.0,57.5,28.7,69.0,4.9,78,71,10,LOCKED,-58
2026-08-26T18:29:14.150315,19.038844,73.132629,41.3,25.9,39.2,28.7,69.0,4.9,76,71,10,LOCKED,-58
2026-08-26T18:29:16.150315,19.038856,73.132659,41.3,25.2,41.2,28.7,69.0,4.9,75,71,10,LOCKED,-58
2026-08-26T18:29:18.150315,19.038868,73.132688,41.2,23.4,51.3,28.7,69.0,4.9,74,71,10,LOCKED,-58
2026-08-26T18:29:20.150315,19.038880,73.132717,41.1,27.5,40.5,28.7,69.0,4.9,75,71,10,LOCKED,-58
2026-08-26T18:29:22.150315,19.038892,73.132747,41.1,34.5,42.6,28.7,68.9,5.0,74,71,10,LOCKED,-57
2026-08-26T18:29:24.150315,19.038905,73.132777,41.1,28.6,53.2,28.7,69.0,5.0,76,71,10,LOCKED,-57
2026-08-26T18:29:26.150315,19.038917,73.132808,41.1,32.2,51.9,28.7,68.9,5.1,78,71,10,LOCKED,-57
2026-08-26T18:29:28.150315,19.038930,73.132838,41.0,21.5,52.3,28.7,68.9,5.0,76,71,10,LOCKED,-57
2026-08-26T18:29:30.150315,19.038943,73.132868,41.0,22.0,35.9,28.6,68.9,5.0,75,71,10,LOCKED,-58
2026-08-26T18:29:32.150315,19.038955,73.132898,41.1,30.4,36.4,28.7,68.9,5.0,73,71,10,LOCKED,-58
2026-08-26T18:29:34.150315,19.038967,73.132927,41.1,23.8,55.4,28.6,68.9,5.1,74,71,10,LOCKED,-57
2026-08-26T18:29:36.150315,19.038979,73.132957,41.2,31.5,55.9,28.6,68.9,5.1,74,71,10,LOCKED,-58
2026-08-26T18:29:38.150315,19.038992,73.132988,41.1,24.6,36.7,28.6,68.8,5.1,76,71,10,LOCKED,-57
2026-08-26T18:29:40.150315,19.039005,73.133020,41.0,23.5,57.5,28.6,68.8,5.2,78,71,10,LOCKED,-57
2026-08-26T18:29:42.150315,19.039018,73.133052,41.0,34.2,56.2,28.6,68.8,5.2,78,71,11,LOCKED,-57
2026-08-26T18:29:44.150315,19.039032,73.133084,41.0,22.5,48.9,28.6,68.8,5.2,80,71,11,LOCKED,-57
2026-08-26T18:29:46.150315,19.039046,73.133117,41.0,28.5,39.7,28.6,68.8,5.2,80,71,11,LOCKED,-58
2026-08-26T18:29:48.150315,19.039059,73.133150,41.0,26.2,45.5,28.6,68.8,5.1,79,71,11,LOCKED,-58
2026-08-26T18:29:50.150315,19.039072,73.133181,41.1,25.6,44.3,28.6,68.9,5.2,78,71,11,LOCKED,-58
2026-08-26T18:29:52.150315,19.039085,73.133213,41.0,25.0,39.7,28.6,68.9,5.3,78,71,11,LOCKED,-58
2026-08-26T18:29:54.150315,19.039099,73.133245,41.1,30.3,51.5,28.6,68.9,5.2,76,71,11,LOCKED,-58
2026-08-26T18:29:56.150315,19.039112,73.133277,41.1,21.2,39.1,28.6,68.9,5.3,77,71,11,LOCKED,-57
2026-08-26T18:29:58.150315,19.039125,73.133309,41.1,27.4,36.5,28.6,69.0,5.4,77,71,12,LOCKED,-57
2026-08-26T18:30:00.150315,19.039139,73.133343,41.1,32.2,57.2,28.6,69.0,5.5,78,71,12,LOCKED,-57
2026-08-26T18:30:02.150315,19.039152,73.133375,41.1,28.5,38.2,28.6,69.0,5.4,76,70,12,LOCKED,-58
2026-08-26T18:30:04.150315,19.039166,73.133407,41.0,28.4,50.5,28.6,69.0,5.4,75,70,12,LOCKED,-57
2026-08-26T18:30:06.150315,19.039179,73.133439,41.1,34.5,40.1,28.6,69.1,5.3,73,70,12,LOCKED,-58
2026-08-26T18:30:08.150315,19.039191,73.133469,41.1,25.0,53.6,28.6,69.0,5.4,72,70,12,LOCKED,-57
2026-08-26T18:30:10.150315,19.039204,73.133499,41.1,32.7,44.9,28.6,69.0,5.5,70,70,12,LOCKED,-57
2026-08-26T18:30:12.150315,19.039216,73.133530,41.0,26.7,37.1,28.6,69.0,5.5,70,70,12,LOCKED,-57
2026-08-26T18:30:14.150315,19.039230,73.133561,41.1,34.9,46.7,28.6,69.0,5.6,72,70,12,LOCKED,-57
2026-08-26T18:30:16.150315,19.039243,73.133594,41.1,22.1,38.5,28.6,69.1,5.6,73,70,12,LOCKED,-58
2026-08-26T18:30:18.150315,19.039256,73.133625,41.1,24.8,44.3,28.6,69.1,5.7,71,70,12,LOCKED,-58
2026-08-26T18:30:20.150315,19.039269,73.133657,41.1,32.2,55.8,28.6,69.1,5.7,71,70,12,LOCKED,-58
2026-08-26T18:30:22.150315,19.039282,73.133689,41.1,29.0,47.4,28.6,69.1,5.8,69,70,12,LOCKED,-58
2026-08-26T18:30:24.150315,19.039295,73.133720,41.1,28.5,47.5,28.6,69.1,5.7,68,70,12,LOCKED,-58
2026-08-26T18:30:26.150315,19.039308,73.133751,41.1,34.2,36.9,28.6,69.1,5.6,69,70,12,LOCKED,-58
2026-08-26T18:30:28.150315,19.039321,73.133782,41.1,27.5,39.8,28.6,69.1,5.6,70,70,12,LOCKED,-58
2026-08-26T18:30:30.150315,19.039334,73.133813,41.0,32.1,58.7,28.7,69.1,5.6,68,70,12,LOCKED,-58
2026-08-26T18:30:32.150315,19.039347,73.133844,41.0,21.6,37.7,28.7,69.1,5.6,70,70,13,LOCKED,-58
2026-08-26T18:30:34.150315,19.039359,73.133875,41.1,24.9,46.7,28.6,69.1,5.7,70,70,13,LOCKED,-58
2026-08-26T18:30:36.150315,19.039373,73.133907,41.2,33.5,50.4,28.6,69.1,5.6,71,70,13,LOCKED,-59
2026-08-26T18:30:38.150315,19.039385,73.133938,41.2,33.3,54.7,28.6,69.1,5.5,69,70,13,LOCKED,-59
2026-08-26T18:30:40.150315,19.039398,73.133969,41.2,27.7,53.9,28.6,69.1,5.6,71,70,13,LOCKED,-59
2026-08-26T18:30:42.150315,19.039411,73.134000,41.3,24.4,38.7,28.6,69.1,5.6,71,70,13,LOCKED,-59
2026-08-26T18:30:44.150315,19.039424,73.134031,41.3,28.1,56.4,28.6,69.1,5.6,70,70,13,LOCKED,-59
2026-08-26T18:30:46.150315,19.039437,73.134063,41.3,21.6,43.0,28.6,69.2,5.7,70,70,12,LOCKED,-60
2026-08-26T18:30:48.150315,19.039450,73.134094,41.4,32.7,49.9,28.6,69.2,5.6,69,70,12,LOCKED,-60
2026-08-26T18:30:50.150315,19.039463,73.134125,41.4,32.7,48.0,28.6,69.2,5.6,71,70,12,LOCKED,-60
2026-08-26T18:30:52.150315,19.039476,73.134156,41.4,24.9,54.5,28.6,69.3,5.5,69,70,12,LOCKED,-60
2026-08-26T18:30:54.150315,19.039488,73.134187,41.3,29.9,53.7,28.7,69.3,5.6,69,70,12,LOCKED,-60
2026-08-26T18:30:56.150315,19.039501,73.134218,41.3,26.3,41.2,28.7,69.3,5.6,70,70,12,LOCKED,-61
2026-08-26T18:30:58.150315,19.039514,73.134249,41.3,23.5,38.6,28.7,69.3,5.7,69,70,12,LOCKED,-61
2026-08-26T18:31:00.150315,19.039527,73.134279,41.3,23.1,45.5,28.6,69.3,5.7,67,70,12,LOCKED,-61
2026-08-26T18:31:02.150315,19.039530,73.134300,41.3,26.0,42.2,28.7,69.3,5.6,69,69,12,LOCKED,-61
2026-08-26T18:31:04.150315,19.039532,73.134321,41.4,24.1,56.6,28.7,69.3,5.7,67,69,12,LOCKED,-61
2026-08-26T18:31:06.150315,19.039535,73.134342,41.3,31.8,42.9,28.7,69.3,5.6,68,69,12,LOCKED,-61
2026-08-26T18:31:08.150315,19.039537,73.134362,41.3,22.5,52.5,28.7,69.3,5.6,68,69,12,LOCKED,-60
2026-08-26T18:31:10.150315,19.039540,73.134383,41.2,25.5,55.3,28.7,69.3,5.6,69,69,12,LOCKED,-61
2026-08-26T18:31:12.150315,19.039543,73.134404,41.2,24.9,58.1,28.7,69.4,5.5,71,69,12,LOCKED,-61
2026-08-26T18:31:14.150315,19.039546,73.134424,41.3,24.8,41.2,28.7,69.3,5.4,69,69,11,LOCKED,-61
2026-08-26T18:31:16.150315,19.039548,73.134444,41.4,23.2,54.4,28.7,69.3,5.4,69,69,10,LOCKED,-61
2026-08-26T18:31:18.150315,19.039550,73.134464,41.3,20.1,44.8,28.7,69.3,5.3,70,69,10,LOCKED,-61
2026-08-26T18:31:20.150315,19.039552,73.134483,41.4,32.7,46.2,28.7,69.3,5.3,68,69,10,LOCKED,-60
2026-08-26T18:31:22.150315,19.039554,73.134502,41.3,22.2,56.5,28.7,69.3,5.3,67,69,10,LOCKED,-61
2026-08-26T18:31:24.150315,19.039556,73.134521,41.2,31.1,56.6,28.6,69.3,5.4,68,69,10,LOCKED,-60
2026-08-26T18:31:26.150315,19.039558,73.134540,41.2,25.8,44.2,28.6,69.3,5.4,66,69,10,LOCKED,-60
2026-08-26T18:31:28.150315,19.039560,73.134559,41.3,26.6,37.1,28.6,69.3,5.4,67,69,10,LOCKED,-60
2026-08-26T18:31:30.150315,19.039562,73.134578,41.3,24.8,39.5,28.6,69.2,5.5,67,69,10,LOCKED,-60
2026-08-26T18:31:32.150315,19.039564,73.134597,41.2,31.8,54.9,28.6,69.2,5.4,66,69,10,LOCKED,-60
2026-08-26T18:31:34.150315,19.039566,73.134616,41.2,32.6,42.5,28.6,69.2,5.3,66,69,10,LOCKED,-60
2026-08-26T18:31:36.150315,19.039568,73.134634,41.3,20.4,59.8,28.6,69.2,5.3,66,69,10,LOCKED,-60
2026-08-26T18:31:38.150315,19.039570,73.134652,41.3,28.5,36.6,28.6,69.3,5.3,65,69,10,LOCKED,-60
2026-08-26T18:31:40.150315,19.039571,73.134671,41.4,23.4,47.9,28.6,69.3,5.4,65,69,10,LOCKED,-59
2026-08-26T18:31:42.150315,19.039573,73.134689,41.5,33.1,44.2,28.6,69.3,5.3,65,69,10,LOCKED,-59
2026-08-26T18:31:44.150315,19.039575,73.134707,41.5,23.1,52.9,28.6,69.2,5.4,65,69,10,LOCKED,-59
2026-08-26T18:31:46.150315,19.039576,73.134725,41.5,30.8,57.9,28.6,69.2,5.3,65,69,10,LOCKED,-60
2026-08-26T18:31:48.150315,19.039578,73.134743,41.4,33.7,39.5,28.6,69.2,5.2,66,69,10,LOCKED,-60
2026-08-26T18:31:50.150315,19.039580,73.134762,41.5,21.2,46.1,28.6,69.2,5.2,67,69,10,LOCKED,-60
2026-08-26T18:31:52.150315,19.039581,73.134780,41.5,29.2,42.6,28.6,69.2,5.3,66,69,10,LOCKED,-60
2026-08-26T18:31:54.150315,19.039583,73.134798,41.4,25.3,42.7,28.6,69.2,5.4,65,69,10,LOCKED,-60
2026-08-26T18:31:56.150315,19.039585,73.134816,41.4,29.9,59.8,28.6,69.1,5.3,66,69,9,LOCKED,-59
2026-08-26T18:31:58.150315,19.039586,73.134834,41.3,29.0,37.0,28.6,69.1,5.3,64,69,9,LOCKED,-59
2026-08-26T18:32:00.150315,19.039587,73.134851,41.3,34.1,48.5,28.6,69.1,5.4,63,69,9,LOCKED,-60
2026-08-26T18:32:02.150315,19.039589,73.134869,41.4,30.2,51.9,28.6,69.2,5.4,65,68,9,LOCKED,-60
2026-08-26T18:32:04.150315,19.039591,73.134887,41.5,32.4,37.8,28.6,69.1,5.4,64,68,9,LOCKED,-60
2026-08-26T18:32:06.150315,19.039592,73.134905,41.4,27.7,48.3,28.6,69.1,5.4,63,68,9,LOCKED,-60
2026-08-26T18:32:08.150315,19.039594,73.134923,41.4,29.4,54.2,28.6,69.1,5.5,63,68,9,LOCKED,-59
2026-08-26T18:32:10.150315,19.039595,73.134941,41.3,20.1,46.3,28.6,69.1,5.5,62,68,9,LOCKED,-59
2026-08-26T18:32:12.150315,19.039597,73.134959,41.4,23.6,58.9,28.6,69.2,5.5,63,68,9,LOCKED,-59
2026-08-26T18:32:14.150315,19.039598,73.134977,41.3,22.5,58.6,28.6,69.2,5.6,63,68,9,LOCKED,-59
2026-08-26T18:32:16.150315,19.039600,73.134995,41.2,20.3,44.5,28.6,69.2,5.6,63,68,9,LOCKED,-59
2026-08-26T18:32:18.150315,19.039602,73.135014,41.1,22.6,50.0,28.6,69.2,5.6,63,68,9,LOCKED,-59
2026-08-26T18:32:20.150315,19.039604,73.135033,41.2,29.6,52.1,28.6,69.2,5.6,64,68,9,LOCKED,-60
2026-08-26T18:32:22.150315,19.039606,73.135052,41.3,28.9,52.0,28.6,69.2,5.7,64,68,9,LOCKED,-60
2026-08-26T18:32:24.150315,19.039608,73.135072,41.4,24.5,50.1,28.6,69.2,5.8,65,68,9,LOCKED,-60
2026-08-26T18:32:26.150315,19.039611,73.135092,41.3,21.0,36.9,28.6,69.2,5.7,67,68,9,LOCKED,-59
2026-08-26T18:32:28.150315,19.039614,73.135113,41.3,21.2,55.8,28.6,69.2,5.6,66,68,9,LOCKED,-59
2026-08-26T18:32:30.150315,19.039616,73.135132,41.3,20.6,47.1,28.6,69.3,5.5,65,68,9,LOCKED,-60
2026-08-26T18:32:32.150315,19.039618,73.135152,41.3,31.3,50.6,28.6,69.3,5.6,67,68,9,LOCKED,-59
2026-08-26T18:32:34.150315,19.039621,73.135172,41.4,20.3,54.2,28.6,69.3,5.5,68,68,9,LOCKED,-60
2026-08-26T18:32:36.150315,19.039623,73.135192,41.3,32.0,41.0,28.6,69.3,5.5,69,68,9,LOCKED,-60
2026-08-26T18:32:38.150315,19.039626,73.135213,41.4,20.7,37.7,28.6,69.3,5.5,70,68,9,LOCKED,-60
2026-08-26T18:32:40.150315,19.039628,73.135233,41.3,29.1,38.7,28.6,69.3,5.6,69,68,9,LOCKED,-59
2026-08-26T18:32:42.150315,19.039631,73.135253,41.3,25.3,49.8,28.6,69.3,5.5,67,68,9,LOCKED,-60
2026-08-26T18:32:44.150315,19.039633,73.135273,41.2,32.4,57.5,28.6,69.3,5.5,68,68,10,LOCKED,-60
2026-08-26T18:32:46.150315,19.039636,73.135293,41.2,22.4,47.6,28.6,69.3,5.4,69,68,10,LOCKED,-60
2026-08-26T18:32:48.150315,19.039638,73.135313,41.2,32.0,53.6,28.6,69.4,5.4,67,68,10,LOCKED,-60
2026-08-26T18:32:50.150315,19.039640,73.135332,41.1,31.6,38.2,28.6,69.3,5.4,67,68,11,LOCKED,-60
2026-08-26T18:32:52.150315,19.039642,73.135351,41.0,31.1,43.3,28.6,69.4,5.3,67,68,12,LOCKED,-60
2026-08-26T18:32:54.150315,19.039644,73.135370,41.1,27.1,54.4,28.6,69.4,5.2,68,68,12,LOCKED,-60
2026-08-26T18:32:56.150315,19.039646,73.135388,41.1,34.3,48.3,28.6,69.4,5.1,68,68,12,LOCKED,-60
2026-08-26T18:32:58.150315,19.039647,73.135406,41.0,26.2,35.3,28.6,69.4,5.2,66,68,12,LOCKED,-60
2026-08-26T18:33:00.150315,19.039649,73.135425,41.1,32.1,37.6,28.6,69.4,5.2,68,68,12,LOCKED,-61
2026-08-26T18:33:02.150315,19.039651,73.135444,41.1,33.2,35.6,28.6,69.4,5.3,69,67,12,LOCKED,-61
2026-08-26T18:33:04.150315,19.039653,73.135463,41.0,26.7,40.7,28.6,69.4,5.4,69,67,11,LOCKED,-61
2026-08-26T18:33:06.150315,19.039655,73.135482,41.0,21.8,49.2,28.6,69.5,5.4,68,67,10,LOCKED,-61
2026-08-26T18:33:08.150315,19.039657,73.135502,40.9,24.6,50.5,28.6,69.4,5.3,68,67,10,LOCKED,-61
2026-08-26T18:33:10.150315,19.039660,73.135521,40.9,31.3,44.3,28.6,69.4,5.3,69,67,10,LOCKED,-61
2026-08-26T18:33:12.150315,19.039661,73.135540,40.8,22.7,58.8,28.6,69.5,5.3,67,67,10,LOCKED,-61
2026-08-26T18:33:14.150315,19.039664,73.135559,40.8,32.2,46.9,28.6,69.5,5.2,69,67,10,LOCKED,-61
2026-08-26T18:33:16.150315,19.039666,73.135579,40.8,26.0,38.6,28.5,69.5,5.2,70,67,10,LOCKED,-61
2026-08-26T18:33:18.150315,19.039668,73.135598,40.9,29.9,52.1,28.5,69.4,5.2,70,67,11,LOCKED,-61
2026-08-26T18:33:20.150315,19.039670,73.135617,40.8,33.9,59.4,28.5,69.4,5.2,70,67,11,LOCKED,-61
2026-08-26T18:33:22.150315,19.039672,73.135637,40.8,26.2,52.5,28.6,69.4,5.2,70,67,11,LOCKED,-61
2026-08-26T18:33:24.150315,19.039674,73.135656,40.7,26.4,36.7,28.6,69.4,5.3,70,67,11,LOCKED,-61
2026-08-26T18:33:26.150315,19.039677,73.135676,40.8,23.6,42.5,28.6,69.4,5.3,70,67,11,LOCKED,-61
2026-08-26T18:33:28.150315,19.039679,73.135696,40.8,34.3,41.5,28.6,69.4,5.3,69,67,11,LOCKED,-61
2026-08-26T18:33:30.150315,19.039681,73.135714,40.7,24.4,50.4,28.6,69.4,5.3,68,67,11,LOCKED,-61
2026-08-26T18:33:32.150315,19.039683,73.135733,40.7,28.0,35.2,28.6,69.4,5.4,67,67,12,LOCKED,-62
2026-08-26T18:33:34.150315,19.039685,73.135752,40.7,23.8,51.8,28.6,69.4,5.4,66,67,12,LOCKED,-62
2026-08-26T18:33:36.150315,19.039687,73.135771,40.7,31.0,59.1,28.6,69.4,5.5,68,67,12,LOCKED,-62
2026-08-26T18:33:38.150315,19.039689,73.135792,40.8,26.8,54.6,28.6,69.4,5.5,68,67,12,LOCKED,-61
2026-08-26T18:33:40.150315,19.039692,73.135811,40.8,22.7,44.9,28.6,69.4,5.5,66,67,12,LOCKED,-62
2026-08-26T18:33:42.150315,19.039694,73.135830,40.8,21.9,54.4,28.5,69.4,5.5,66,67,13,LOCKED,-62
2026-08-26T18:33:44.150315,19.039696,73.135850,40.9,34.2,58.0,28.5,69.3,5.6,66,67,13,LOCKED,-62
2026-08-26T18:33:46.150315,19.039698,73.135870,40.8,32.1,52.0,28.5,69.3,5.6,67,67,13,LOCKED,-61
2026-08-26T18:33:48.150315,19.039701,73.135890,40.8,26.1,53.8,28.5,69.3,5.6,68,67,13,LOCKED,-61
2026-08-26T18:33:50.150315,19.039703,73.135911,40.9,20.7,35.0,28.5,69.3,5.6,68,67,13,LOCKED,-61
2026-08-26T18:33:52.150315,19.039706,73.135930,41.0,34.7,40.3,28.6,69.3,5.6,66,67,13,LOCKED,-61
2026-08-26T18:33:54.150315,19.039708,73.135951,41.0,33.0,44.3,28.5,69.3,5.5,68,67,13,LOCKED,-61
2026-08-26T18:33:56.150315,19.039711,73.135970,41.0,31.8,57.9,28.5,69.3,5.6,67,67,13,LOCKED,-61
2026-08-26T18:33:58.150315,19.039713,73.135991,41.0,27.8,40.8,28.5,69.3,5.6,68,67,13,LOCKED,-61
2026-08-26T18:34:00.150315,19.039716,73.136011,41.0,32.5,35.1,28.5,69.3,5.6,66,67,12,LOCKED,-61
2026-08-26T18:34:02.150315,19.039718,73.136031,41.0,32.1,40.5,28.5,69.3,5.6,68,66,12,LOCKED,-62
2026-08-26T18:34:04.150315,19.039721,73.136051,41.1,27.2,39.1,28.5,69.3,5.7,68,66,12,LOCKED,-62
2026-08-26T18:34:06.150315,19.039724,73.136073,41.2,32.7,40.8,28.5,69.3,5.8,69,66,13,LOCKED,-62
2026-08-26T18:34:08.150315,19.039727,73.136094,41.1,24.4,50.0,28.5,69.3,5.7,70,66,13,LOCKED,-62
2026-08-26T18:34:10.150315,19.039730,73.136115,41.1,34.8,38.8,28.5,69.3,5.7,69,66,12,LOCKED,-61
2026-08-26T18:34:12.150315,19.039732,73.136136,41.1,29.5,46.4,28.5,69.3,5.6,67,66,12,LOCKED,-61
2026-08-26T18:34:14.150315,19.039735,73.136156,41.1,22.9,55.6,28.5,69.3,5.6,65,66,12,LOCKED,-61
2026-08-26T18:34:16.150315,19.039737,73.136175,41.1,29.4,38.1,28.5,69.3,5.5,65,66,12,LOCKED,-62
2026-08-26T18:34:18.150315,19.039739,73.136194,41.1,26.1,44.2,28.5,69.4,5.6,66,66,12,LOCKED,-61
2026-08-26T18:34:20.150315,19.039741,73.136214,41.2,22.5,35.1,28.5,69.3,5.5,68,66,12,LOCKED,-61
2026-08-26T18:34:22.150315,19.039744,73.136235,41.1,24.3,56.1,28.5,69.3,5.6,70,66,12,LOCKED,-61
2026-08-26T18:34:24.150315,19.039747,73.136256,41.1,31.6,48.5,28.5,69.3,5.6,70,66,12,LOCKED,-60
2026-08-26T18:34:26.150315,19.039749,73.136276,41.1,33.1,51.5,28.5,69.3,5.6,68,66,12,LOCKED,-60
2026-08-26T18:34:28.150315,19.039752,73.136296,41.2,27.1,44.2,28.5,69.3,5.5,66,66,12,LOCKED,-60
2026-08-26T18:34:30.150315,19.039754,73.136315,41.2,30.7,48.3,28.5,69.3,5.6,68,66,12,LOCKED,-60
2026-08-26T18:34:32.150315,19.039756,73.136335,41.3,34.9,42.0,28.5,69.2,5.7,66,66,12,LOCKED,-59
2026-08-26T18:34:34.150315,19.039758,73.136355,41.4,33.5,51.6,28.5,69.3,5.6,65,66,12,LOCKED,-59
2026-08-26T18:34:36.150315,19.039760,73.136373,41.3,30.8,51.6,28.5,69.3,5.6,65,66,12,LOCKED,-59
2026-08-26T18:34:38.150315,19.039762,73.136392,41.3,31.5,48.6,28.5,69.3,5.7,64,66,12,LOCKED,-60
2026-08-26T18:34:40.150315,19.039765,73.136412,41.4,32.5,36.1,28.5,69.3,5.6,65,66,12,LOCKED,-60
2026-08-26T18:34:42.150315,19.039767,73.136431,41.4,20.9,56.7,28.5,69.3,5.6,65,66,12,LOCKED,-60
2026-08-26T18:34:44.150315,19.039769,73.136451,41.5,27.7,47.2,28.5,69.3,5.7,67,66,12,LOCKED,-60
2026-08-26T18:34:46.150315,19.039771,73.136471,41.4,32.9,37.8,28.5,69.2,5.7,66,66,12,LOCKED,-60
2026-08-26T18:34:48.150315,19.039774,73.136491,41.5,29.7,55.8,28.5,69.2,5.8,64,66,12,LOCKED,-60
2026-08-26T18:34:50.150315,19.039776,73.136511,41.6,26.0,38.7,28.5,69.2,5.8,64,66,12,LOCKED,-60
2026-08-26T18:34:52.150315,19.039778,73.136531,41.5,28.9,56.7,28.5,69.1,5.7,64,66,12,LOCKED,-60
2026-08-26T18:34:54.150315,19.039781,73.136550,41.5,20.1,58.6,28.5,69.2,5.6,64,66,12,LOCKED,-60
2026-08-26T18:34:56.150315,19.039783,73.136569,41.5,29.5,54.2,28.5,69.2,5.6,64,66,12,LOCKED,-59
2026-08-26T18:34:58.150315,19.039785,73.136588,41.5,24.0,55.0,28.5,69.3,5.6,64,66,12,LOCKED,-60
2026-08-26T18:35:00.150315,19.039786,73.136606,41.5,20.1,37.7,28.5,69.2,5.6,62,66,12,LOCKED,-59
2026-08-26T18:35:02.150315,19.039788,73.136624,41.5,28.1,43.1,28.5,69.2,5.6,61,65,12,LOCKED,-59
2026-08-26T18:35:04.150315,19.039789,73.136642,41.6,20.8,38.4,28.5,69.2,5.7,62,65,12,LOCKED,-59
2026-08-26T18:35:06.150315,19.039791,73.136661,41.6,25.6,46.3,28.5,69.2,5.7,62,65,12,LOCKED,-59
2026-08-26T18:35:08.150315,19.039793,73.136679,41.6,34.5,58.7,28.5,69.2,5.7,61,65,12,LOCKED,-60
2026-08-26T18:35:10.150315,19.039794,73.136697,41.7,28.1,47.3,28.5,69.2,5.7,61,65,12,LOCKED,-60
2026-08-26T18:35:12.150315,19.039796,73.136716,41.6,33.3,59.3,28.5,69.2,5.8,62,65,12,LOCKED,-60
2026-08-26T18:35:14.150315,19.039798,73.136735,41.5,24.8,36.2,28.5,69.1,5.8,62,65,12,LOCKED,-60
2026-08-26T18:35:16.150315,19.039800,73.136753,41.6,27.7,41.2,28.5,69.1,5.8,60,65,12,LOCKED,-59
2026-08-26T18:35:18.150315,19.039802,73.136772,41.5,20.1,45.2,28.5,69.2,5.8,62,65,12,LOCKED,-59
2026-08-26T18:35:20.150315,19.039804,73.136790,41.4,25.2,47.9,28.5,69.2,5.8,61,65,12,LOCKED,-59
2026-08-26T18:35:22.150315,19.039805,73.136808,41.4,26.3,50.5,28.5,69.2,5.8,60,65,12,LOCKED,-59
2026-08-26T18:35:24.150315,19.039807,73.136826,41.3,33.8,42.6,28.5,69.2,5.9,58,65,12,LOCKED,-59
2026-08-26T18:35:26.150315,19.039808,73.136844,41.2,31.7,38.5,28.5,69.2,5.9,58,65,12,LOCKED,-60
2026-08-26T18:35:28.150315,19.039810,73.136862,41.1,32.6,55.9,28.5,69.2,5.9,58,65,12,LOCKED,-60
2026-08-26T18:35:30.150315,19.039811,73.136879,41.2,21.0,42.2,28.5,69.2,5.9,56,65,12,LOCKED,-60
2026-08-26T18:35:32.150315,19.039812,73.136896,41.2,24.4,55.0,28.5,69.2,5.9,55,65,12,LOCKED,-60
2026-08-26T18:35:34.150315,19.039813,73.136911,41.1,32.4,50.0,28.5,69.2,5.9,53,65,12,LOCKED,-60
2026-08-26T18:35:36.150315,19.039813,73.136927,41.1,33.7,49.0,28.5,69.3,5.9,52,65,12,LOCKED,-60
2026-08-26T18:35:38.150315,19.039814,73.136943,41.0,22.4,36.6,28.5,69.3,5.9,52,65,12,LOCKED,-60
2026-08-26T18:35:40.150315,19.039815,73.136958,40.9,32.0,51.8,28.5,69.3,6.0,52,65,12,LOCKED,-60
2026-08-26T18:35:42.150315,19.039815,73.136974,40.9,21.4,35.4,28.5,69.3,6.0,52,65,12,LOCKED,-61
2026-08-26T18:35:44.150315,19.039816,73.136989,41.0,29.1,57.9,28.5,69.3,6.0,51,65,12,LOCKED,-61
2026-08-26T18:35:46.150315,19.039816,73.137005,41.0,29.6,45.4,28.5,69.3,6.0,52,65,11,LOCKED,-61
2026-08-26T18:35:48.150315,19.039817,73.137021,41.0,34.6,37.9,28.5,69.2,6.0,53,65,11,LOCKED,-61
2026-08-26T18:35:50.150315,19.039818,73.137037,41.0,28.3,56.1,28.5,69.2,6.0,54,65,11,LOCKED,-60
2026-08-26T18:35:52.150315,19.039819,73.137054,41.0,32.5,53.9,28.5,69.2,5.9,55,65,11,LOCKED,-61
2026-08-26T18:35:54.150315,19.039820,73.137071,41.0,26.4,41.4,28.5,69.2,5.9,55,65,11,LOCKED,-61
2026-08-26T18:35:56.150315,19.039821,73.137087,40.9,21.5,44.0,28.5,69.2,6.0,53,65,11,LOCKED,-61
2026-08-26T18:35:58.150315,19.039822,73.137103,40.9,23.3,57.8,28.5,69.2,6.0,54,65,12,LOCKED,-61
2026-08-26T18:36:00.150315,19.039822,73.137119,41.0,30.9,39.9,28.5,69.2,5.9,52,65,12,LOCKED,-61
2026-08-26T18:36:02.150315,19.039823,73.137134,41.0,31.4,36.9,28.5,69.2,5.9,52,64,12,LOCKED,-61
2026-08-26T18:36:04.150315,19.039823,73.137149,41.1,33.5,43.0,28.5,69.2,5.9,51,64,12,LOCKED,-60
2026-08-26T18:36:06.150315,19.039824,73.137165,41.0,34.4,52.0,28.5,69.2,5.8,52,64,12,LOCKED,-61
2026-08-26T18:36:08.150315,19.039824,73.137179,40.9,29.3,42.8,28.5,69.2,5.7,51,64,12,LOCKED,-61
2026-08-26T18:36:10.150315,19.039824,73.137194,41.0,32.3,56.0,28.5,69.2,5.7,52,64,13,LOCKED,-61
2026-08-26T18:36:12.150315,19.039824,73.137208,40.9,30.7,35.8,28.5,69.3,5.6,51,64,13,LOCKED,-61
2026-08-26T18:36:14.150315,19.039824,73.137223,40.8,21.4,53.4,28.5,69.2,5.6,53,64,13,LOCKED,-61
2026-08-26T18:36:16.150315,19.039824,73.137237,40.9,21.0,40.7,28.5,69.3,5.6,52,64,13,LOCKED,-61
2026-08-26T18:36:18.150315,19.039825,73.137252,40.9,33.4,52.5,28.5,69.3,5.6,54,64,13,LOCKED,-61
2026-08-26T18:36:20.150315,19.039825,73.137267,40.9,22.9,58.6,28.5,69.2,5.6,53,64,13,LOCKED,-61
2026-08-26T18:36:22.150315,19.039825,73.137281,41.0,34.8,55.4,28.5,69.2,5.6,52,64,14,LOCKED,-62
2026-08-26T18:36:24.150315,19.039825,73.137296,41.0,29.7,38.1,28.5,69.2,5.6,52,64,14,LOCKED,-61
2026-08-26T18:36:26.150315,19.039825,73.137309,41.0,31.3,43.5,28.5,69.2,5.6,50,64,13,LOCKED,-61
2026-08-26T18:36:28.150315,19.039824,73.137323,41.0,30.9,51.3,28.5,69.2,5.6,50,64,13,LOCKED,-61
2026-08-26T18:36:30.150315,19.039824,73.137337,41.0,22.0,53.8,28.5,69.2,5.6,51,64,12,LOCKED,-62
2026-08-26T18:36:32.150315,19.039824,73.137351,40.9,29.5,36.7,28.5,69.2,5.6,51,64,12,LOCKED,-62
2026-08-26T18:36:34.150315,19.039824,73.137365,41.0,22.7,43.9,28.5,69.3,5.6,51,64,12,LOCKED,-62
2026-08-26T18:36:36.150315,19.039824,73.137379,41.0,33.1,47.0,28.4,69.2,5.6,51,64,12,LOCKED,-62
2026-08-26T18:36:38.150315,19.039824,73.137392,41.1,21.2,44.6,28.4,69.3,5.5,50,64,12,LOCKED,-62
2026-08-26T18:36:40.150315,19.039824,73.137406,41.1,31.3,59.8,28.4,69.3,5.5,51,64,12,LOCKED,-62
2026-08-26T18:36:42.150315,19.039824,73.137420,41.0,31.3,56.8,28.4,69.3,5.5,53,64,12,LOCKED,-61
2026-08-26T18:36:44.150315,19.039824,73.137434,41.0,21.4,38.2,28.4,69.3,5.4,53,64,12,LOCKED,-62
2026-08-26T18:36:46.150315,19.039823,73.137448,41.1,29.9,49.6,28.4,69.3,5.3,52,64,12,LOCKED,-62
2026-08-26T18:36:48.150315,19.039823,73.137462,41.1,33.1,54.0,28.4,69.2,5.3,54,64,12,LOCKED,-61
2026-08-26T18:36:50.150315,19.039823,73.137476,41.2,34.4,52.9,28.4,69.2,5.2,54,64,12,LOCKED,-61
2026-08-26T18:36:52.150315,19.039823,73.137489,41.2,30.1,55.7,28.4,69.3,5.2,53,64,12,LOCKED,-61
2026-08-26T18:36:54.150315,19.039822,73.137502,41.2,28.1,45.9,28.5,69.2,5.2,51,64,12,LOCKED,-61
2026-08-26T18:36:56.150315,19.039822,73.137515,41.2,27.8,42.2,28.5,69.2,5.3,52,64,12,LOCKED,-61
2026-08-26T18:36:58.150315,19.039821,73.137528,41.1,33.0,55.2,28.5,69.3,5.2,52,64,12,LOCKED,-61
2026-08-26T18:37:00.150315,19.039821,73.137542,41.2,26.0,47.0,28.5,69.3,5.2,53,64,12,LOCKED,-61
2026-08-26T18:37:02.150315,19.039821,73.137555,41.1,32.6,53.7,28.5,69.3,5.1,53,63,12,LOCKED,-61
2026-08-26T18:37:04.150315,19.039820,73.137568,41.2,24.3,41.4,28.5,69.2,5.2,54,63,12,LOCKED,-61
2026-08-26T18:37:06.150315,19.039820,73.137582,41.3,33.6,46.2,28.5,69.3,5.1,53,63,12,LOCKED,-61
2026-08-26T18:37:08.150315,19.039820,73.137595,41.2,24.8,54.2,28.5,69.3,5.2,53,63,12,LOCKED,-61
2026-08-26T18:37:10.150315,19.039819,73.137608,41.2,32.1,44.9,28.5,69.3,5.2,54,63,12,LOCKED,-61
2026-08-26T18:37:12.150315,19.039819,73.137622,41.2,25.5,46.5,28.5,69.2,5.2,54,63,12,LOCKED,-61
2026-08-26T18:37:14.150315,19.039819,73.137636,41.1,25.1,55.1,28.5,69.2,5.2,55,63,12,LOCKED,-61
2026-08-26T18:37:16.150315,19.039819,73.137649,41.2,30.5,35.1,28.5,69.2,5.1,53,63,12,LOCKED,-62
2026-08-26T18:37:18.150315,19.039818,73.137663,41.3,27.5,48.6,28.5,69.3,5.1,55,63,12,LOCKED,-61
2026-08-26T18:37:20.150315,19.039818,73.137676,41.3,34.9,48.6,28.5,69.3,5.1,54,63,12,LOCKED,-61
2026-08-26T18:37:22.150315,19.039818,73.137690,41.2,30.6,44.7,28.5,69.3,5.2,54,63,12,LOCKED,-61
2026-08-26T18:37:24.150315,19.039818,73.137704,41.2,24.7,58.2,28.5,69.3,5.3,55,63,12,LOCKED,-61
2026-08-26T18:37:26.150315,19.039818,73.137718,41.3,21.6,57.1,28.5,69.3,5.3,54,63,12,LOCKED,-61
2026-08-26T18:37:28.150315,19.039817,73.137732,41.2,22.3,56.5,28.5,69.3,5.2,53,63,12,LOCKED,-61
2026-08-26T18:37:30.150315,19.039817,73.137745,41.2,26.2,55.6,28.5,69.2,5.2,52,63,12,LOCKED,-62
2026-08-26T18:37:32.150315,19.039816,73.137757,41.1,22.8,59.5,28.5,69.2,5.2,51,63,12,LOCKED,-62
2026-08-26T18:37:34.150315,19.039815,73.137769,41.2,29.4,41.2,28.5,69.3,5.2,49,63,12,LOCKED,-61
2026-08-26T18:37:36.150315,19.039814,73.137781,41.1,32.2,54.6,28.5,69.2,5.2,49,63,11,LOCKED,-61
2026-08-26T18:37:38.150315,19.039813,73.137793,41.2,30.5,54.8,28.5,69.2,5.1,47,63,11,LOCKED,-61
2026-08-26T18:37:40.150315,19.039812,73.137804,41.1,21.5,53.0,28.5,69.3,5.2,49,63,11,LOCKED,-61
2026-08-26T18:37:42.150315,19.039811,73.137816,41.2,22.9,52.1,28.5,69.3,5.1,49,63,11,LOCKED,-61
2026-08-26T18:37:44.150315,19.039810,73.137828,41.1,29.1,35.2,28.5,69.2,5.0,48,63,11,LOCKED,-61
2026-08-26T18:37:46.150315,19.039809,73.137839,41.1,23.0,39.9,28.4,69.2,4.9,48,63,11,LOCKED,-61
2026-08-26T18:37:48.150315,19.039807,73.137850,41.2,21.5,36.4,28.4,69.2,5.0,48,63,11,LOCKED,-60
2026-08-26T18:37:50.150315,19.039806,73.137860,41.2,29.2,52.2,28.4,69.3,4.9,47,63,11,LOCKED,-60
2026-08-26T18:37:52.150315,19.039804,73.137871,41.2,21.8,43.5,28.4,69.3,4.9,48,63,11,LOCKED,-60
2026-08-26T18:37:54.150315,19.039803,73.137882,41.2,28.3,57.8,28.4,69.2,4.8,49,63,11,LOCKED,-61
2026-08-26T18:37:56.150315,19.039802,73.137893,41.2,25.9,52.5,28.4,69.2,4.8,51,63,11,LOCKED,-60
2026-08-26T18:37:58.150315,19.039801,73.137904,41.1,22.0,52.0,28.4,69.2,4.8,50,63,12,LOCKED,-61
2026-08-26T18:38:00.150315,19.039799,73.137915,41.2,23.3,49.7,28.5,69.2,4.8,50,63,11,LOCKED,-61
2026-08-26T18:38:02.150315,19.039798,73.137926,41.2,33.4,43.1,28.5,69.2,4.8,50,62,11,LOCKED,-61
2026-08-26T18:38:04.150315,19.039796,73.137937,41.1,23.8,55.5,28.5,69.2,4.8,49,62,11,LOCKED,-61
2026-08-26T18:38:06.150315,19.039795,73.137948,41.0,26.2,55.0,28.5,69.3,4.8,49,62,11,LOCKED,-62
2026-08-26T18:38:08.150315,19.039794,73.137959,41.0,25.5,47.9,28.5,69.2,4.8,50,62,11,LOCKED,-62
2026-08-26T18:38:10.150315,19.039792,73.137970,41.0,25.7,50.7,28.5,69.2,4.7,50,62,11,LOCKED,-62
2026-08-26T18:38:12.150315,19.039791,73.137981,41.0,21.1,57.8,28.5,69.2,4.7,52,62,11,LOCKED,-62
2026-08-26T18:38:14.150315,19.039790,73.137992,41.0,23.7,51.6,28.5,69.2,4.6,51,62,11,LOCKED,-62
2026-08-26T18:38:16.150315,19.039789,73.138004,41.0,34.0,44.2,28.5,69.2,4.6,52,62,11,LOCKED,-62
2026-08-26T18:38:18.150315,19.039787,73.138015,41.1,22.3,51.9,28.5,69.2,4.6,51,62,11,LOCKED,-62
2026-08-26T18:38:20.150315,19.039786,73.138025,41.2,27.4,39.0,28.5,69.2,4.7,50,62,11,LOCKED,-63
2026-08-26T18:38:22.150315,19.039784,73.138035,41.3,24.0,56.7,28.5,69.2,4.7,48,62,10,LOCKED,-63
2026-08-26T18:38:24.150315,19.039782,73.138045,41.3,26.2,49.4,28.5,69.2,4.8,47,62,10,LOCKED,-63
2026-08-26T18:38:26.150315,19.039780,73.138054,41.3,33.0,39.7,28.5,69.2,4.7,46,62,10,LOCKED,-63
2026-08-26T18:38:28.150315,19.039778,73.138063,41.4,32.5,39.5,28.5,69.2,4.6,45,62,10,LOCKED,-63
2026-08-26T18:38:30.150315,19.039776,73.138073,41.4,30.9,42.2,28.5,69.2,4.7,47,62,10,LOCKED,-63
2026-08-26T18:38:32.150315,19.039774,73.138082,41.4,30.9,50.5,28.5,69.2,4.7,45,62,10,LOCKED,-63
2026-08-26T18:38:34.150315,19.039772,73.138091,41.4,34.6,53.4,28.5,69.2,4.8,44,62,10,LOCKED,-63
2026-08-26T18:38:36.150315,19.039769,73.138100,41.4,31.8,38.8,28.5,69.2,4.7,43,62,11,LOCKED,-63
2026-08-26T18:38:38.150315,19.039767,73.138108,41.4,32.7,42.2,28.5,69.2,4.8,43,62,10,LOCKED,-63
2026-08-26T18:38:40.150315,19.039765,73.138117,41.4,32.3,55.1,28.5,69.2,4.8,44,62,10,LOCKED,-63
2026-08-26T18:38:42.150315,19.039763,73.138126,41.4,28.2,56.1,28.5,69.2,4.9,44,62,11,LOCKED,-63
2026-08-26T18:38:44.150315,19.039761,73.138136,41.4,34.6,49.9,28.5,69.2,5.0,43,62,11,LOCKED,-63
2026-08-26T18:38:46.150315,19.039759,73.138145,41.4,22.0,54.0,28.5,69.2,5.0,44,62,11,LOCKED,-63
2026-08-26T18:38:48.150315,19.039757,73.138154,41.3,24.1,44.8,28.5,69.2,5.1,43,62,11,LOCKED,-63
2026-08-26T18:38:50.150315,19.039755,73.138163,41.4,26.7,52.4,28.5,69.2,5.0,41,62,11,LOCKED,-63
2026-08-26T18:38:52.150315,19.039752,73.138172,41.5,33.4,49.6,28.5,69.2,5.0,40,62,12,LOCKED,-63
2026-08-26T18:38:54.150315,19.039750,73.138181,41.4,20.1,38.3,28.5,69.2,4.9,42,62,12,LOCKED,-63
2026-08-26T18:38:56.150315,19.039748,73.138190,41.4,32.9,42.3,28.5,69.2,4.9,43,62,12,LOCKED,-64
2026-08-26T18:38:58.150315,19.039746,73.138199,41.4,26.9,46.1,28.5,69.2,4.8,45,62,12,LOCKED,-63
2026-08-26T18:39:00.150315,19.039744,73.138209,41.4,25.4,52.3,28.5,69.2,4.9,45,62,12,LOCKED,-63
2026-08-26T18:39:02.150315,19.039742,73.138219,41.4,26.7,53.9,28.5,69.2,4.9,47,61,12,LOCKED,-64
2026-08-26T18:39:04.150315,19.039741,73.138230,41.3,22.3,48.0,28.5,69.2,5.0,48,61,12,LOCKED,-64
2026-08-26T18:39:06.150315,19.039740,73.138241,41.3,22.1,49.8,28.5,69.3,5.0,49,61,12,LOCKED,-64
2026-08-26T18:39:08.150315,19.039738,73.138252,41.3,34.5,49.5,28.5,69.2,5.1,48,61,12,LOCKED,-64
2026-08-26T18:39:10.150315,19.039737,73.138263,41.4,29.4,51.3,28.5,69.2,5.1,48,61,12,LOCKED,-64
2026-08-26T18:39:12.150315,19.039736,73.138275,41.4,34.6,58.3,28.5,69.2,5.0,49,61,12,LOCKED,-64
2026-08-26T18:39:14.150315,19.039735,73.138286,41.4,32.4,42.0,28.5,69.2,5.0,48,61,11,LOCKED,-64
2026-08-26T18:39:16.150315,19.039733,73.138297,41.3,32.8,38.5,28.5,69.2,5.0,48,61,11,LOCKED,-64
2026-08-26T18:39:18.150315,19.039732,73.138308,41.3,21.9,58.7,28.5,69.2,5.1,49,61,11,LOCKED,-65
2026-08-26T18:39:20.150315,19.039731,73.138320,41.2,23.6,59.8,28.5,69.2,5.1,50,61,11,LOCKED,-65
2026-08-26T18:39:22.150315,19.039730,73.138332,41.2,29.3,38.2,28.5,69.2,5.2,49,61,11,LOCKED,-64
2026-08-26T18:39:24.150315,19.039729,73.138344,41.2,30.9,50.1,28.5,69.2,5.2,50,61,11,LOCKED,-64
2026-08-26T18:39:26.150315,19.039728,73.138356,41.2,31.0,35.5,28.5,69.2,5.2,49,61,11,LOCKED,-65
2026-08-26T18:39:28.150315,19.039728,73.138368,41.2,22.6,52.4,28.5,69.2,5.2,49,61,11,LOCKED,-65
2026-08-26T18:39:30.150315,19.039727,73.138380,41.1,23.0,42.3,28.5,69.3,5.2,49,61,11,LOCKED,-65
2026-08-26T18:39:32.150315,19.039726,73.138392,41.1,20.0,36.1,28.5,69.3,5.3,50,61,11,LOCKED,-65
2026-08-26T18:39:34.150315,19.039725,73.138404,41.0,27.5,48.4,28.5,69.3,5.2,48,61,11,LOCKED,-64
2026-08-26T18:39:36.150315,19.039724,73.138415,40.9,30.2,59.9,28.5,69.3,5.2,47,61,11,LOCKED,-64
2026-08-26T18:39:38.150315,19.039723,73.138427,40.8,20.9,50.6,28.5,69.3,5.2,48,61,11,LOCKED,-65
2026-08-26T18:39:40.150315,19.039722,73.138439,40.9,30.8,50.6,28.6,69.3,5.2,49,61,11,LOCKED,-65
2026-08-26T18:39:42.150315,19.039721,73.138451,40.9,32.2,53.5,28.6,69.2,5.2,50,61,10,LOCKED,-65
2026-08-26T18:39:44.150315,19.039720,73.138464,40.8,25.3,50.5,28.6,69.2,5.3,50,61,9,LOCKED,-64
2026-08-26T18:39:46.150315,19.039719,73.138476,40.9,25.1,54.2,28.6,69.3,5.3,49,61,8,LOCKED,-64
2026-08-26T18:39:48.150315,19.039718,73.138488,40.9,21.7,53.7,28.6,69.3,5.2,50,61,8,LOCKED,-64
2026-08-26T18:39:50.150315,19.039718,73.138501,40.8,26.5,47.4,28.6,69.3,5.1,51,61,8,LOCKED,-65
2026-08-26T18:39:52.150315,19.039717,73.138513,40.8,32.3,49.5,28.6,69.3,5.0,50,61,8,LOCKED,-64
2026-08-26T18:39:54.150315,19.039716,73.138525,40.8,23.6,55.0,28.6,69.3,5.0,50,61,8,LOCKED,-65
2026-08-26T18:39:56.150315,19.039715,73.138536,40.8,24.1,55.9,28.6,69.3,5.0,49,61,8,LOCKED,-65
2026-08-26T18:39:58.150315,19.039714,73.138548,40.9,22.5,36.4,28.5,69.3,5.0,50,61,8,LOCKED,-64
2026-08-26T18:40:00.150315,19.039713,73.138560,40.9,27.0,36.6,28.5,69.3,5.0,51,61,8,LOCKED,-65
2026-08-26T18:40:02.150315,19.039712,73.138572,40.8,26.7,52.3,28.5,69.3,5.0,50,60,8,LOCKED,-65
2026-08-26T18:40:04.150315,19.039711,73.138583,40.9,28.1,48.1,28.5,69.3,5.0,49,60,8,LOCKED,-65
2026-08-26T18:40:06.150315,19.039709,73.138594,41.0,28.5,45.8,28.6,69.3,5.1,48,60,8,LOCKED,-65
2026-08-26T18:40:08.150315,19.039708,73.138605,40.9,31.3,48.1,28.6,69.3,5.0,46,60,8,LOCKED,-65
2026-08-26T18:40:10.150315,19.039706,73.138615,40.9,33.8,44.7,28.6,69.3,5.0,48,60,8,LOCKED,-64
2026-08-26T18:40:12.150315,19.039705,73.138627,40.8,23.4,36.0,28.6,69.3,5.1,48,60,8,LOCKED,-64
2026-08-26T18:40:14.150315,19.039704,73.138638,40.8,27.6,36.0,28.6,69.3,5.0,48,60,8,LOCKED,-65
2026-08-26T18:40:16.150315,19.039703,73.138650,40.7,22.1,35.7,28.6,69.3,5.0,50,60,8,LOCKED,-65
2026-08-26T18:40:18.150315,19.039702,73.138661,40.7,23.4,42.6,28.6,69.3,5.0,49,60,8,LOCKED,-65
2026-08-26T18:40:20.150315,19.039701,73.138673,40.6,20.0,40.5,28.6,69.2,5.1,50,60,8,LOCKED,-65
2026-08-26T18:40:22.150315,19.039700,73.138685,40.6,25.9,53.7,28.6,69.2,5.0,50,60,8,LOCKED,-65
2026-08-26T18:40:24.150315,19.039699,73.138697,40.5,25.7,41.3,28.6,69.2,5.1,51,60,8,LOCKED,-65
2026-08-26T18:40:26.150315,19.039698,73.138709,40.4,21.4,38.2,28.6,69.2,5.0,50,60,8,LOCKED,-64
2026-08-26T18:40:28.150315,19.039697,73.138720,40.4,22.3,50.7,28.6,69.3,5.1,49,60,8,LOCKED,-65
2026-08-26T18:40:30.150315,19.039696,73.138732,40.3,34.3,57.7,28.6,69.3,5.1,51,60,8,LOCKED,-65
2026-08-26T18:40:32.150315,19.039695,73.138744,40.3,27.1,59.9,28.6,69.3,5.1,51,60,8,LOCKED,-65
2026-08-26T18:40:34.150315,19.039694,73.138757,40.4,30.1,49.5,28.6,69.3,5.0,52,60,8,LOCKED,-65
2026-08-26T18:40:36.150315,19.039694,73.138769,40.4,30.5,57.5,28.6,69.3,5.0,53,60,8,LOCKED,-66
2026-08-26T18:40:38.150315,19.039693,73.138782,40.5,33.0,47.0,28.6,69.3,5.0,52,60,8,LOCKED,-66
2026-08-26T18:40:40.150315,19.039692,73.138794,40.6,28.7,47.1,28.6,69.4,5.1,53,60,8,LOCKED,-66
2026-08-26T18:40:42.150315,19.039692,73.138808,40.6,20.5,50.0,28.6,69.3,5.2,55,60,8,LOCKED,-66
2026-08-26T18:40:44.150315,19.039692,73.138823,40.7,23.4,60.0,28.6,69.3,5.1,57,60,8,LOCKED,-67
2026-08-26T18:40:46.150315,19.039692,73.138837,40.7,34.8,60.0,28.6,69.3,5.2,57,60,8,LOCKED,-67
2026-08-26T18:40:48.150315,19.039692,73.138852,40.7,31.0,35.5,28.6,69.3,5.1,57,60,8,LOCKED,-67
2026-08-26T18:40:50.150315,19.039692,73.138866,40.7,25.3,41.6,28.6,69.3,5.1,58,60,8,LOCKED,-67
2026-08-26T18:40:52.150315,19.039692,73.138880,40.7,33.0,50.1,28.6,69.3,5.1,56,60,8,LOCKED,-68
2026-08-26T18:40:54.150315,19.039692,73.138894,40.8,22.1,35.0,28.6,69.3,5.1,57,60,8,LOCKED,-67
2026-08-26T18:40:56.150315,19.039693,73.138909,40.8,22.1,58.6,28.6,69.3,5.1,58,60,8,LOCKED,-67
2026-08-26T18:40:58.150315,19.039693,73.138924,40.9,25.9,55.4,28.6,69.3,5.0,58,60,8,LOCKED,-67
2026-08-26T18:41:00.150315,19.039693,73.138938,40.8,30.2,58.6,28.6,69.3,5.0,58,60,9,LOCKED,-67
2026-08-26T18:41:02.150315,19.039693,73.138953,40.8,30.9,41.7,28.6,69.4,4.9,60,59,9,LOCKED,-67
2026-08-26T18:41:04.150315,19.039694,73.138968,40.8,28.2,55.7,28.6,69.4,4.9,61,59,9,LOCKED,-67
2026-08-26T18:41:06.150315,19.039694,73.138984,40.9,33.9,46.9,28.6,69.3,4.9,63,59,9,LOCKED,-66
2026-08-26T18:41:08.150315,19.039694,73.138999,40.9,32.3,57.1,28.6,69.4,4.9,62,59,9,LOCKED,-66
2026-08-26T18:41:10.150315,19.039695,73.139014,40.9,26.2,41.6,28.6,69.4,4.9,62,59,9,LOCKED,-66
2026-08-26T18:41:12.150315,19.039696,73.139030,40.9,23.4,41.5,28.6,69.4,5.0,64,59,9,LOCKED,-67
2026-08-26T18:41:14.150315,19.039696,73.139046,40.9,25.5,42.9,28.6,69.4,5.0,63,59,9,LOCKED,-66
2026-08-26T18:41:16.150315,19.039697,73.139061,41.0,32.0,50.5,28.6,69.5,5.1,61,59,9,LOCKED,-66
2026-08-26T18:41:18.150315,19.039697,73.139076,41.0,34.8,41.0,28.6,69.5,5.1,60,59,9,LOCKED,-66
2026-08-26T18:41:20.150315,19.039698,73.139091,41.0,32.6,41.2,28.6,69.5,5.1,59,59,9,LOCKED,-66
2026-08-26T18:41:22.150315,19.039698,73.139106,41.1,29.1,36.0,28.6,69.5,5.0,57,59,9,LOCKED,-66
2026-08-26T18:41:24.150315,19.039698,73.139120,41.1,33.4,46.1,28.6,69.5,5.0,58,59,9,LOCKED,-66
2026-08-26T18:41:26.150315,19.039698,73.139135,41.1,22.8,36.9,28.6,69.5,5.1,59,59,9,LOCKED,-66
2026-08-26T18:41:28.150315,19.039698,73.139150,41.2,28.0,38.7,28.6,69.5,5.1,59,59,9,LOCKED,-66
2026-08-26T18:41:30.150315,19.039698,73.139164,41.1,23.6,60.0,28.6,69.5,5.1,58,59,9,LOCKED,-66
2026-08-26T18:41:32.150315,19.039699,73.139179,41.0,26.3,36.6,28.6,69.5,5.0,58,59,9,LOCKED,-66
2026-08-26T18:41:34.150315,19.039699,73.139193,41.1,31.4,41.7,28.6,69.6,5.1,58,59,9,LOCKED,-66
2026-08-26T18:41:36.150315,19.039699,73.139207,41.1,31.8,42.6,28.6,69.6,5.2,56,59,9,LOCKED,-67
2026-08-26T18:41:38.150315,19.039699,73.139222,41.1,33.1,41.0,28.6,69.6,5.2,56,59,9,LOCKED,-67
2026-08-26T18:41:40.150315,19.039699,73.139236,41.0,20.9,47.5,28.6,69.6,5.3,55,59,9,LOCKED,-67
2026-08-26T18:41:42.150315,19.039699,73.139250,41.0,29.5,46.1,28.6,69.7,5.3,54,59,9,LOCKED,-67
2026-08-26T18:41:44.150315,19.039699,73.139264,41.0,34.5,42.5,28.5,69.6,5.3,55,59,9,LOCKED,-68
2026-08-26T18:41:46.150315,19.039699,73.139279,40.9,27.0,39.0,28.5,69.6,5.4,55,59,9,LOCKED,-68
2026-08-26T18:41:48.150315,19.039699,73.139294,40.8,30.8,56.8,28.6,69.7,5.5,56,59,9,LOCKED,-68
2026-08-26T18:41:50.150315,19.039699,73.139309,40.8,23.8,44.0,28.6,69.7,5.4,55,59,8,LOCKED,-68
2026-08-26T18:41:52.150315,19.039699,73.139323,40.9,24.0,58.4,28.6,69.6,5.4,54,59,8,LOCKED,-68
2026-08-26T18:41:54.150315,19.039699,73.139337,40.8,33.0,45.9,28.6,69.7,5.5,52,59,8,LOCKED,-68
2026-08-26T18:41:56.150315,19.039699,73.139351,40.8,22.1,45.5,28.6,69.6,5.5,52,59,8,LOCKED,-69
2026-08-26T18:41:58.150315,19.039699,73.139364,40.8,34.5,46.0,28.6,69.6,5.6,50,59,8,LOCKED,-68
2026-08-26T18:42:00.150315,19.039698,73.139377,40.8,30.8,55.8,28.6,69.6,5.7,48,59,8,LOCKED,-68
2026-08-26T18:42:02.150315,19.039698,73.139390,40.9,31.6,40.1,28.6,69.7,5.7,47,58,8,LOCKED,-69
2026-08-26T18:42:04.150315,19.039697,73.139403,40.9,26.0,40.5,28.6,69.7,5.8,46,58,8,LOCKED,-69
2026-08-26T18:42:06.150315,19.039696,73.139415,40.8,27.7,57.6,28.6,69.7,5.7,44,58,8,LOCKED,-68
2026-08-26T18:42:08.150315,19.039695,73.139426,40.8,22.3,59.2,28.6,69.7,5.8,43,58,8,LOCKED,-68
2026-08-26T18:42:10.150315,19.039694,73.139438,40.7,24.2,51.7,28.6,69.7,5.8,43,58,8,LOCKED,-68
2026-08-26T18:42:12.150315,19.039693,73.139450,40.8,25.5,43.4,28.6,69.7,5.8,44,58,8,LOCKED,-68
2026-08-26T18:42:14.150315,19.039692,73.139461,40.8,30.0,49.1,28.6,69.7,5.9,43,58,8,LOCKED,-68
2026-08-26T18:42:16.150315,19.039691,73.139474,40.9,26.8,52.1,28.5,69.6,5.9,44,58,8,LOCKED,-68
2026-08-26T18:42:18.150315,19.039690,73.139486,40.9,30.3,42.4,28.6,69.7,6.0,43,58,8,LOCKED,-68
2026-08-26T18:42:20.150315,19.039690,73.139498,40.8,23.1,41.8,28.5,69.7,5.9,43,58,8,LOCKED,-68
2026-08-26T18:42:22.150315,19.039689,73.139510,40.7,27.0,53.6,28.5,69.7,5.9,43,58,8,LOCKED,-68
2026-08-26T18:42:24.150315,19.039687,73.139521,40.8,33.4,56.4,28.5,69.7,6.0,41,58,8,LOCKED,-68
2026-08-26T18:42:26.150315,19.039686,73.139533,40.8,20.4,58.9,28.5,69.7,5.9,43,58,8,LOCKED,-68
2026-08-26T18:42:28.150315,19.039686,73.139546,40.8,29.2,55.0,28.5,69.7,5.9,44,58,8,LOCKED,-68
2026-08-26T18:42:30.150315,19.039685,73.139559,40.9,25.7,57.7,28.5,69.7,5.9,45,58,8,LOCKED,-68
2026-08-26T18:42:32.150315,19.039685,73.139572,40.9,25.3,38.4,28.6,69.7,6.0,45,58,8,LOCKED,-68
2026-08-26T18:42:34.150315,19.039684,73.139585,40.9,30.8,38.2,28.6,69.7,5.9,47,58,8,LOCKED,-68
2026-08-26T18:42:36.150315,19.039684,73.139598,40.9,32.8,51.0,28.5,69.7,5.8,45,58,8,LOCKED,-67
2026-08-26T18:42:38.150315,19.039683,73.139610,40.8,20.9,53.1,28.5,69.7,5.9,45,58,8,LOCKED,-68
2026-08-26T18:42:40.150315,19.039682,73.139623,40.7,29.8,59.1,28.5,69.7,6.0,44,58,8,LOCKED,-68
2026-08-26T18:42:42.150315,19.039682,73.139635,40.8,30.7,56.1,28.5,69.7,6.0,45,58,8,LOCKED,-68
2026-08-26T18:42:44.150315,19.039681,73.139649,40.7,34.7,45.2,28.5,69.6,6.1,47,58,8,LOCKED,-68
2026-08-26T18:42:46.150315,19.039681,73.139663,40.8,34.5,38.8,28.5,69.6,6.1,47,58,8,LOCKED,-68
2026-08-26T18:42:48.150315,19.039681,73.139676,40.9,30.3,36.3,28.5,69.6,6.1,45,58,8,LOCKED,-68
2026-08-26T18:42:50.150315,19.039680,73.139689,40.9,25.7,53.8,28.5,69.6,6.1,44,58,8,LOCKED,-68
2026-08-26T18:42:52.150315,19.039680,73.139702,40.9,29.5,46.2,28.5,69.6,6.2,43,58,8,LOCKED,-68
2026-08-26T18:42:54.150315,19.039679,73.139714,41.0,27.7,39.9,28.5,69.6,6.2,42,58,8,LOCKED,-68
2026-08-26T18:42:56.150315,19.039678,73.139725,40.9,30.6,51.2,28.5,69.6,6.3,40,58,8,LOCKED,-68
2026-08-26T18:42:58.150315,19.039677,73.139737,40.8,27.2,39.5,28.6,69.6,6.2,41,58,8,LOCKED,-68
2026-08-26T18:43:00.150315,19.039676,73.139750,40.8,31.4,59.2,28.6,69.6,6.3,43,58,8,LOCKED,-68
2026-08-26T18:43:02.150315,19.039676,73.139764,40.9,25.6,47.3,28.5,69.6,6.4,44,57,8,LOCKED,-68
2026-08-26T18:43:04.150315,19.039676,73.139777,40.8,31.2,58.6,28.5,69.6,6.3,44,57,8,LOCKED,-68
2026-08-26T18:43:06.150315,19.039675,73.139790,40.9,21.6,55.4,28.5,69.6,6.3,43,57,8,LOCKED,-67
2026-08-26T18:43:08.150315,19.039675,73.139804,40.9,24.3,39.1,28.5,69.6,6.4,45,57,8,LOCKED,-67
2026-08-26T18:43:10.150315,19.039675,73.139818,41.0,33.0,43.3,28.5,69.5,6.5,43,57,8,LOCKED,-67
2026-08-26T18:43:12.150315,19.039675,73.139831,41.0,27.3,37.3,28.5,69.6,6.5,44,57,8,LOCKED,-68
2026-08-26T18:43:14.150315,19.039675,73.139846,41.0,26.9,40.2,28.5,69.5,6.4,44,57,8,LOCKED,-68
2026-08-26T18:43:16.150315,19.039675,73.139860,41.0,20.2,42.0,28.5,69.5,6.5,45,57,8,LOCKED,-67
2026-08-26T18:43:18.150315,19.039675,73.139874,41.1,21.9,53.3,28.5,69.5,6.6,45,57,8,LOCKED,-67
2026-08-26T18:43:20.150315,19.039675,73.139889,41.1,33.9,53.5,28.5,69.5,6.6,44,57,8,LOCKED,-67
2026-08-26T18:43:22.150315,19.039675,73.139904,41.1,34.9,48.5,28.5,69.5,6.5,45,57,8,LOCKED,-67
2026-08-26T18:43:24.150315,19.039675,73.139918,41.2,29.7,39.7,28.5,69.4,6.6,44,57,8,LOCKED,-67
2026-08-26T18:43:26.150315,19.039675,73.139933,41.2,26.8,48.3,28.5,69.4,6.7,44,57,8,LOCKED,-67
2026-08-26T18:43:28.150315,19.039675,73.139947,41.3,35.0,43.0,28.5,69.4,6.6,43,57,8,LOCKED,-66
2026-08-26T18:43:30.150315,19.039676,73.139962,41.4,25.4,41.6,28.5,69.4,6.7,45,57,8,LOCKED,-66
2026-08-26T18:43:32.150315,19.039676,73.139977,41.4,23.5,50.6,28.5,69.4,6.8,46,57,8,LOCKED,-67
2026-08-26T18:43:34.150315,19.039677,73.139992,41.4,26.2,44.4,28.5,69.3,6.7,45,57,8,LOCKED,-67
2026-08-26T18:43:36.150315,19.039677,73.140007,41.4,22.7,38.0,28.5,69.4,6.8,44,57,8,LOCKED,-67
2026-08-26T18:43:38.150315,19.039677,73.140023,41.3,31.4,36.8,28.5,69.3,6.8,45,57,8,LOCKED,-67
2026-08-26T18:43:40.150315,19.039678,73.140039,41.2,32.5,45.6,28.5,69.4,6.7,46,57,8,LOCKED,-67
2026-08-26T18:43:42.150315,19.039678,73.140054,41.3,33.0,39.8,28.5,69.4,6.8,45,57,8,LOCKED,-66
2026-08-26T18:43:44.150315,19.039679,73.140069,41.3,26.5,44.5,28.5,69.4,6.9,46,57,8,LOCKED,-66
2026-08-26T18:43:46.150315,19.039680,73.140085,41.3,26.0,46.5,28.5,69.5,6.8,46,57,8,LOCKED,-66
2026-08-26T18:43:48.150315,19.039681,73.140101,41.4,20.5,50.6,28.5,69.4,6.9,46,57,8,LOCKED,-66
2026-08-26T18:43:50.150315,19.039682,73.140118,41.4,21.4,37.2,28.5,69.4,7.0,47,57,8,LOCKED,-66
2026-08-26T18:43:52.150315,19.039682,73.140134,41.5,33.9,37.4,28.5,69.4,6.9,46,57,8,LOCKED,-66
2026-08-26T18:43:54.150315,19.039683,73.140150,41.4,20.5,58.8,28.5,69.3,7.0,45,57,8,LOCKED,-67
2026-08-26T18:43:56.150315,19.039684,73.140166,41.5,30.7,38.6,28.5,69.3,7.1,44,57,8,LOCKED,-67
2026-08-26T18:43:58.150315,19.039684,73.140181,41.5,28.5,41.6,28.5,69.3,7.1,42,57,8,LOCKED,-67
2026-08-26T18:44:00.150315,19.039685,73.140196,41.4,27.6,44.9,28.5,69.3,7.0,43,57,8,LOCKED,-67
2026-08-26T18:44:02.150315,19.039685,73.140210,41.4,23.6,43.4,28.5,69.3,7.0,41,56,8,LOCKED,-67
2026-08-26T18:44:04.150315,19.039685,73.140225,41.4,28.5,57.7,28.5,69.3,7.1,42,56,8,LOCKED,-67
2026-08-26T18:44:06.150315,19.039685,73.140239,41.3,27.5,50.6,28.6,69.3,7.0,41,56,8,LOCKED,-68
2026-08-26T18:44:08.150315,19.039685,73.140253,41.4,32.4,52.5,28.6,69.3,7.0,40,56,8,LOCKED,-68
2026-08-26T18:44:10.150315,19.039684,73.140267,41.3,31.5,48.0,28.6,69.4,7.0,40,56,8,LOCKED,-67
2026-08-26T18:44:12.150315,19.039684,73.140280,41.3,22.1,45.2,28.6,69.4,6.9,40,56,8,LOCKED,-67
2026-08-26T18:44:14.150315,19.039684,73.140293,41.4,30.4,47.9,28.6,69.4,7.0,39,56,8,LOCKED,-67
2026-08-26T18:44:16.150315,19.039683,73.140306,41.3,30.9,36.5,28.6,69.4,6.9,39,56,8,LOCKED,-67
2026-08-26T18:44:18.150315,19.039683,73.140320,41.4,26.1,41.8,28.6,69.3,6.9,41,56,8,LOCKED,-67
2026-08-26T18:44:20.150315,19.039683,73.140334,41.4,25.5,41.3,28.6,69.3,6.9,42,56,8,LOCKED,-68
2026-08-26T18:44:22.150315,19.039683,73.140348,41.4,28.6,46.4,28.6,69.3,7.0,41,56,8,LOCKED,-67
2026-08-26T18:44:24.150315,19.039683,73.140362,41.4,24.3,47.3,28.6,69.3,7.0,40,56,8,LOCKED,-68
2026-08-26T18:44:26.150315,19.039682,73.140375,41.4,33.4,55.1,28.5,69.3,6.9,39,56,8,LOCKED,-68
2026-08-26T18:44:28.150315,19.039682,73.140388,41.4,30.3,43.6,28.6,69.3,6.8,39,56,8,LOCKED,-68
2026-08-26T18:44:30.150315,19.039681,73.140400,41.3,34.3,37.1,28.6,69.3,6.9,38,56,8,LOCKED,-68
2026-08-26T18:44:32.150315,19.039680,73.140413,41.3,30.3,43.3,28.6,69.3,6.9,38,56,8,LOCKED,-68
2026-08-26T18:44:34.150315,19.039680,73.140426,41.3,29.3,37.8,28.6,69.3,7.0,39,56,8,LOCKED,-67
2026-08-26T18:44:36.150315,19.039679,73.140438,41.3,35.0,44.4,28.6,69.3,6.9,37,56,8,LOCKED,-67
2026-08-26T18:44:38.150315,19.039678,73.140451,41.3,32.3,37.3,28.6,69.4,7.0,38,56,8,LOCKED,-67
2026-08-26T18:44:40.150315,19.039678,73.140464,41.2,25.8,48.2,28.6,69.4,7.0,39,56,8,LOCKED,-66
2026-08-26T18:44:42.150315,19.039678,73.140478,41.2,34.3,35.1,28.6,69.4,7.0,41,56,8,LOCKED,-66
2026-08-26T18:44:44.150315,19.039678,73.140492,41.3,21.1,36.3,28.6,69.4,7.0,41,56,8,LOCKED,-65
2026-08-26T18:44:46.150315,19.039677,73.140506,41.4,21.5,39.0,28.5,69.3,7.0,40,56,8,LOCKED,-65
2026-08-26T18:44:48.150315,19.039677,73.140520,41.4,29.8,47.9,28.6,69.3,7.0,42,56,8,LOCKED,-66
2026-08-26T18:44:50.150315,19.039677,73.140534,41.4,30.3,57.3,28.6,69.3,7.0,40,56,8,LOCKED,-66
2026-08-26T18:44:52.150315,19.039677,73.140547,41.4,25.2,42.0,28.6,69.3,7.1,40,56,8,LOCKED,-66
2026-08-26T18:44:54.150315,19.039677,73.140562,41.4,23.5,58.7,28.6,69.3,7.1,41,56,8,LOCKED,-66
2026-08-26T18:44:56.150315,19.039677,73.140575,41.4,28.7,55.7,28.6,69.3,7.2,39,56,8,LOCKED,-66
2026-08-26T18:44:58.150315,19.039677,73.140589,41.3,32.8,48.4,28.6,69.3,7.2,39,56,8,LOCKED,-66
2026-08-26T18:45:00.150315,19.039676,73.140602,41.4,34.0,37.1,28.6,69.2,7.3,39,56,8,LOCKED,-67
2026-08-26T18:45:02.150315,19.039676,73.140616,41.4,26.6,36.3,28.6,69.2,7.3,38,55,8,LOCKED,-66
2026-08-26T18:45:04.150315,19.039676,73.140630,41.4,22.2,60.0,28.6,69.2,7.3,40,55,8,LOCKED,-66
2026-08-26T18:45:06.150315,19.039676,73.140645,41.4,22.3,56.6,28.6,69.2,7.2,41,55,8,LOCKED,-67
2026-08-26T18:45:08.150315,19.039676,73.140659,41.4,25.6,49.0,28.5,69.2,7.3,40,55,9,LOCKED,-67
2026-08-26T18:45:10.150315,19.039676,73.140674,41.4,27.8,58.0,28.6,69.3,7.3,40,55,9,LOCKED,-67
2026-08-26T18:45:12.150315,19.039676,73.140687,41.4,20.3,41.7,28.6,69.3,7.3,39,55,9,LOCKED,-67
2026-08-26T18:45:14.150315,19.039676,73.140702,41.4,27.8,37.5,28.6,69.2,7.3,40,55,9,LOCKED,-67
2026-08-26T18:45:16.150315,19.039676,73.140716,41.4,28.4,56.2,28.6,69.3,7.3,40,55,9,LOCKED,-67
2026-08-26T18:45:18.150315,19.039677,73.140731,41.4,33.6,39.2,28.6,69.2,7.3,41,55,9,LOCKED,-68
2026-08-26T18:45:20.150315,19.039677,73.140747,41.3,25.4,38.3,28.6,69.2,7.3,42,55,9,LOCKED,-67
2026-08-26T18:45:22.150315,19.039678,73.140762,41.4,30.1,54.7,28.6,69.2,7.3,42,55,9,LOCKED,-67
2026-08-26T18:45:24.150315,19.039678,73.140777,41.3,21.2,48.0,28.6,69.2,7.2,42,55,9,LOCKED,-66
2026-08-26T18:45:26.150315,19.039679,73.140793,41.3,25.3,45.9,28.6,69.2,7.1,43,55,9,LOCKED,-67
2026-08-26T18:45:28.150315,19.039680,73.140809,41.3,25.4,49.7,28.6,69.1,7.1,44,55,9,LOCKED,-67
2026-08-26T18:45:30.150315,19.039680,73.140825,41.3,24.9,41.7,28.6,69.2,7.0,45,55,10,LOCKED,-67
2026-08-26T18:45:32.150315,19.039682,73.140842,41.2,27.6,59.5,28.6,69.2,6.9,47,55,10,LOCKED,-67
2026-08-26T18:45:34.150315,19.039683,73.140859,41.2,31.7,59.6,28.6,69.2,6.9,47,55,10,LOCKED,-67
2026-08-26T18:45:36.150315,19.039683,73.140875,41.3,22.9,40.7,28.6,69.3,6.8,46,55,10,LOCKED,-67
2026-08-26T18:45:38.150315,19.039684,73.140891,41.3,26.4,41.9,28.6,69.3,6.8,45,55,10,LOCKED,-67
2026-08-26T18:45:40.150315,19.039685,73.140906,41.2,32.0,44.2,28.6,69.3,6.8,45,55,10,LOCKED,-67
2026-08-26T18:45:42.150315,19.039685,73.140922,41.2,33.4,43.3,28.6,69.3,6.8,45,55,11,LOCKED,-67
2026-08-26T18:45:44.150315,19.039686,73.140938,41.1,22.2,59.8,28.6,69.4,6.8,45,55,10,LOCKED,-67
2026-08-26T18:45:46.150315,19.039687,73.140954,41.1,29.3,48.0,28.6,69.4,6.9,47,55,10,LOCKED,-68
2026-08-26T18:45:48.150315,19.039687,73.140970,41.1,21.6,55.9,28.6,69.3,7.0,45,55,10,LOCKED,-68
2026-08-26T18:45:50.150315,19.039688,73.140986,41.1,24.6,37.6,28.6,69.3,7.1,45,55,10,LOCKED,-68
2026-08-26T18:45:52.150315,19.039689,73.141002,41.0,33.2,45.2,28.6,69.3,7.0,46,55,10,LOCKED,-69
2026-08-26T18:45:54.150315,19.039690,73.141019,41.1,26.9,50.9,28.6,69.4,7.0,47,55,10,LOCKED,-69
2026-08-26T18:45:56.150315,19.039692,73.141037,41.2,33.5,49.0,28.6,69.4,7.1,48,55,10,LOCKED,-69
2026-08-26T18:45:58.150315,19.039693,73.141053,41.1,30.7,57.5,28.6,69.5,7.1,46,55,10,LOCKED,-68
2026-08-26T18:46:00.150315,19.039694,73.141070,41.1,25.3,48.9,28.6,69.5,7.1,47,55,11,LOCKED,-69
2026-08-26T18:46:02.150315,19.039695,73.141086,41.1,26.5,59.2,28.6,69.5,7.0,45,54,11,LOCKED,-69
2026-08-26T18:46:04.150315,19.039696,73.141103,41.1,33.3,53.4,28.6,69.5,6.9,46,54,11,LOCKED,-69
2026-08-26T18:46:06.150315,19.039697,73.141120,41.2,31.3,47.0,28.6,69.4,6.9,48,54,11,LOCKED,-69
2026-08-26T18:46:08.150315,19.039698,73.141137,41.3,21.3,39.7,28.6,69.5,6.8,48,54,11,LOCKED,-69
2026-08-26T18:46:10.150315,19.039699,73.141155,41.4,22.9,52.9,28.6,69.4,6.9,50,54,11,LOCKED,-69
2026-08-26T18:46:12.150315,19.039701,73.141173,41.4,32.2,39.9,28.6,69.4,7.0,50,54,11,LOCKED,-70
2026-08-26T18:46:14.150315,19.039703,73.141191,41.3,24.7,45.0,28.6,69.4,7.0,50,54,11,LOCKED,-70
2026-08-26T18:46:16.150315,19.039704,73.141209,41.3,26.4,44.1,28.6,69.5,7.1,50,54,11,LOCKED,-70
2026-08-26T18:46:18.150315,19.039706,73.141227,41.3,20.9,49.7,28.6,69.5,7.1,49,54,11,LOCKED,-70
2026-08-26T18:46:20.150315,19.039707,73.141245,41.4,32.9,53.0,28.6,69.5,7.1,47,54,11,LOCKED,-69
2026-08-26T18:46:22.150315,19.039709,73.141262,41.4,32.2,56.9,28.6,69.5,7.0,48,54,11,LOCKED,-69
2026-08-26T18:46:24.150315,19.039710,73.141281,41.3,21.0,48.2,28.6,69.5,7.0,49,54,11,LOCKED,-69
2026-08-26T18:46:26.150315,19.039712,73.141298,41.2,32.5,46.5,28.6,69.5,7.0,48,54,11,LOCKED,-69
2026-08-26T18:46:28.150315,19.039713,73.141315,41.2,34.3,54.8,28.6,69.5,6.9,47,54,11,LOCKED,-68
2026-08-26T18:46:30.150315,19.039714,73.141331,41.2,25.0,43.0,28.6,69.5,7.0,46,54,11,LOCKED,-68
2026-08-26T18:46:32.150315,19.039715,73.141348,41.1,32.9,39.7,28.6,69.4,7.0,47,54,11,LOCKED,-68
2026-08-26T18:46:34.150315,19.039716,73.141365,41.1,22.5,38.5,28.6,69.5,7.0,48,54,11,LOCKED,-68
2026-08-26T18:46:36.150315,19.039717,73.141382,41.2,28.7,53.2,28.6,69.4,7.0,47,54,12,LOCKED,-68
2026-08-26T18:46:38.150315,19.039719,73.141400,41.1,21.6,39.4,28.6,69.4,7.0,49,54,12,LOCKED,-68
2026-08-26T18:46:40.150315,19.039720,73.141418,41.0,26.4,53.6,28.6,69.4,7.0,48,54,12,LOCKED,-68
2026-08-26T18:46:42.150315,19.039722,73.141436,41.0,28.5,52.4,28.6,69.4,6.9,50,54,12,LOCKED,-69
2026-08-26T18:46:44.150315,19.039723,73.141454,41.0,29.5,56.5,28.6,69.4,7.0,50,54,12,LOCKED,-68
2026-08-26T18:46:46.150315,19.039726,73.141473,41.0,27.5,45.6,28.6,69.4,7.0,51,54,12,LOCKED,-69
2026-08-26T18:46:48.150315,19.039727,73.141491,41.0,25.6,35.1,28.6,69.4,6.9,50,54,12,LOCKED,-68
2026-08-26T18:46:50.150315,19.039728,73.141508,40.9,31.5,39.5,28.6,69.4,6.8,48,54,12,LOCKED,-68
2026-08-26T18:46:52.150315,19.039730,73.141526,41.0,32.2,40.4,28.6,69.4,6.8,49,54,12,LOCKED,-68
2026-08-26T18:46:54.150315,19.039731,73.141542,41.0,32.4,37.9,28.6,69.4,6.9,48,54,12,LOCKED,-68
2026-08-26T18:46:56.150315,19.039732,73.141559,41.0,29.5,44.1,28.6,69.4,6.8,48,54,12,LOCKED,-69
2026-08-26T18:46:58.150315,19.039733,73.141576,41.0,27.6,60.0,28.6,69.4,6.8,48,54,12,LOCKED,-69
2026-08-26T18:47:00.150315,19.039734,73.141594,41.1,25.5,41.2,28.6,69.4,6.8,49,54,12,LOCKED,-69
2026-08-26T18:47:02.150315,19.039736,73.141611,41.1,29.7,48.8,28.6,69.4,6.7,49,53,12,LOCKED,-69
2026-08-26T18:47:04.150315,19.039737,73.141628,41.0,35.0,51.8,28.6,69.4,6.7,49,53,12,LOCKED,-69
2026-08-26T18:47:06.150315,19.039738,73.141645,41.1,31.8,38.8,28.6,69.5,6.6,49,53,12,LOCKED,-69
2026-08-26T18:47:08.150315,19.039739,73.141662,41.0,30.6,43.1,28.6,69.5,6.7,51,53,12,LOCKED,-69
2026-08-26T18:47:10.150315,19.039741,73.141680,40.9,21.4,54.6,28.6,69.5,6.7,52,53,12,LOCKED,-69
2026-08-26T18:47:12.150315,19.039742,73.141698,40.9,32.5,50.9,28.6,69.5,6.6,52,53,12,LOCKED,-69
2026-08-26T18:47:14.150315,19.039744,73.141717,40.9,27.6,40.6,28.6,69.5,6.5,54,53,12,LOCKED,-68
2026-08-26T18:47:16.150315,19.039746,73.141735,40.8,25.9,36.2,28.6,69.5,6.6,52,53,12,LOCKED,-68
2026-08-26T18:47:18.150315,19.039747,73.141752,40.9,33.9,40.5,28.6,69.5,6.6,51,53,12,LOCKED,-68
2026-08-26T18:47:20.150315,19.039748,73.141769,40.9,31.9,56.1,28.6,69.5,6.5,49,53,12,LOCKED,-69
2026-08-26T18:47:22.150315,19.039749,73.141785,41.0,22.7,54.0,28.6,69.4,6.6,49,53,12,LOCKED,-69
2026-08-26T18:47:24.150315,19.039750,73.141802,40.9,21.0,51.4,28.6,69.5,6.5,49,53,11,LOCKED,-69
2026-08-26T18:47:26.150315,19.039751,73.141818,40.9,20.9,48.5,28.6,69.4,6.5,50,53,11,LOCKED,-69
2026-08-26T18:47:28.150315,19.039752,73.141834,41.0,21.2,47.3,28.6,69.4,6.5,49,53,11,LOCKED,-69
2026-08-26T18:47:30.150315,19.039753,73.141851,40.9,21.3,44.0,28.6,69.4,6.6,50,53,10,LOCKED,-69
2026-08-26T18:47:32.150315,19.039754,73.141868,40.9,31.0,54.6,28.6,69.4,6.5,49,53,10,LOCKED,-69
2026-08-26T18:47:34.150315,19.039754,73.141883,41.0,22.4,48.5,28.6,69.5,6.5,48,53,10,LOCKED,-68
2026-08-26T18:47:36.150315,19.039755,73.141898,41.0,21.5,59.3,28.6,69.5,6.5,46,53,10,LOCKED,-68
2026-08-26T18:47:38.150315,19.039755,73.141913,41.0,20.4,55.4,28.6,69.4,6.4,45,53,10,LOCKED,-68
2026-08-26T18:47:40.150315,19.039755,73.141927,41.1,21.6,46.1,28.6,69.5,6.5,44,53,10,LOCKED,-67
2026-08-26T18:47:42.150315,19.039754,73.141940,41.1,27.6,39.3,28.6,69.5,6.4,42,53,10,LOCKED,-67
2026-08-26T18:47:44.150315,19.039754,73.141953,41.2,30.0,58.7,28.6,69.5,6.4,43,53,10,LOCKED,-67
2026-08-26T18:47:46.150315,19.039754,73.141967,41.2,29.4,56.6,28.6,69.5,6.5,43,53,10,LOCKED,-67
2026-08-26T18:47:48.150315,19.039754,73.141981,41.2,23.2,55.0,28.6,69.6,6.4,44,53,10,LOCKED,-68
2026-08-26T18:47:50.150315,19.039753,73.141994,41.1,22.4,55.0,28.6,69.6,6.4,42,53,11,LOCKED,-68
2026-08-26T18:47:52.150315,19.039753,73.142007,41.1,34.2,36.6,28.6,69.6,6.4,44,53,11,LOCKED,-68
2026-08-26T18:47:54.150315,19.039753,73.142021,41.1,29.7,39.4,28.6,69.6,6.4,44,53,11,LOCKED,-68
2026-08-26T18:47:56.150315,19.039752,73.142034,41.1,32.1,35.1,28.6,69.5,6.3,43,53,12,LOCKED,-68
2026-08-26T18:47:58.150315,19.039752,73.142047,41.1,27.5,58.3,28.6,69.5,6.3,42,53,12,LOCKED,-69
2026-08-26T18:48:00.150315,19.039751,73.142059,41.1,30.4,55.8,28.6,69.5,6.4,41,53,12,LOCKED,-68
2026-08-26T18:48:02.150315,19.039750,73.142072,41.0,25.8,59.8,28.6,69.4,6.3,42,52,12,LOCKED,-68
2026-08-26T18:48:04.150315,19.039750,73.142085,41.1,26.0,51.4,28.7,69.5,6.3,43,52,12,LOCKED,-69
2026-08-26T18:48:06.150315,19.039749,73.142098,41.1,24.1,42.0,28.7,69.4,6.3,44,52,12,LOCKED,-69
2026-08-26T18:48:08.150315,19.039749,73.142112,41.1,27.6,48.5,28.7,69.5,6.3,45,52,12,LOCKED,-68
2026-08-26T18:48:10.150315,19.039749,73.142126,41.1,20.6,46.6,28.6,69.5,6.3,46,52,12,LOCKED,-68
2026-08-26T18:48:12.150315,19.039750,73.142142,41.0,29.7,52.5,28.7,69.5,6.4,48,52,12,LOCKED,-68
2026-08-26T18:48:14.150315,19.039751,73.142158,41.1,20.1,44.5,28.7,69.6,6.3,50,52,12,LOCKED,-68
2026-08-26T18:48:16.150315,19.039752,73.142175,41.2,28.9,38.5,28.7,69.6,6.3,51,52,12,LOCKED,-68
2026-08-26T18:48:18.150315,19.039753,73.142191,41.1,23.5,47.7,28.6,69.5,6.2,51,52,12,LOCKED,-69
2026-08-26T18:48:20.150315,19.039754,73.142208,41.1,23.2,59.3,28.6,69.5,6.2,52,52,12,LOCKED,-69
2026-08-26T18:48:22.150315,19.039755,73.142225,41.2,23.5,37.2,28.6,69.5,6.1,53,52,12,LOCKED,-68
2026-08-26T18:48:24.150315,19.039756,73.142241,41.2,21.8,56.9,28.6,69.5,6.1,53,52,12,LOCKED,-68
2026-08-26T18:48:26.150315,19.039756,73.142257,41.3,29.9,56.0,28.6,69.5,6.0,52,52,12,LOCKED,-69
2026-08-26T18:48:28.150315,19.039757,73.142273,41.3,26.4,52.2,28.6,69.5,6.0,52,52,12,LOCKED,-69
2026-08-26T18:48:30.150315,19.039758,73.142289,41.2,26.5,50.7,28.6,69.5,6.0,53,52,12,LOCKED,-68
2026-08-26T18:48:32.150315,19.039759,73.142305,41.2,34.8,36.1,28.6,69.6,5.9,53,52,12,LOCKED,-69
2026-08-26T18:48:34.150315,19.039760,73.142322,41.3,32.6,36.2,28.6,69.5,5.8,55,52,12,LOCKED,-68
2026-08-26T18:48:36.150315,19.039761,73.142338,41.2,24.9,58.4,28.6,69.6,5.8,55,52,12,LOCKED,-68
2026-08-26T18:48:38.150315,19.039762,73.142355,41.3,25.5,40.3,28.6,69.6,5.8,55,52,12,LOCKED,-68
2026-08-26T18:48:40.150315,19.039762,73.142370,41.3,24.2,37.7,28.6,69.6,5.7,53,52,11,LOCKED,-68
2026-08-26T18:48:42.150315,19.039763,73.142386,41.2,23.6,50.5,28.6,69.6,5.7,53,52,11,LOCKED,-67
2026-08-26T18:48:44.150315,19.039763,73.142401,41.3,28.2,46.0,28.6,69.7,5.7,53,52,11,LOCKED,-67
2026-08-26T18:48:46.150315,19.039764,73.142416,41.4,32.7,55.5,28.6,69.7,5.8,54,52,11,LOCKED,-67
2026-08-26T18:48:48.150315,19.039764,73.142432,41.5,24.1,52.8,28.6,69.6,5.8,53,52,11,LOCKED,-68
2026-08-26T18:48:50.150315,19.039765,73.142447,41.4,22.4,44.2,28.6,69.6,5.7,53,52,10,LOCKED,-68
2026-08-26T18:48:52.150315,19.039765,73.142463,41.4,31.5,57.6,28.6,69.6,5.8,54,52,10,LOCKED,-69
2026-08-26T18:48:54.150315,19.039766,73.142478,41.5,33.7,36.8,28.6,69.7,5.7,52,52,10,LOCKED,-69
2026-08-26T18:48:56.150315,19.039766,73.142493,41.5,21.2,35.8,28.6,69.6,5.7,53,52,10,LOCKED,-69
2026-08-26T18:48:58.150315,19.039766,73.142509,41.5,30.6,40.5,28.6,69.6,5.6,54,52,10,LOCKED,-70
2026-08-26T18:49:00.150315,19.039767,73.142523,41.6,24.0,41.2,28.6,69.6,5.6,53,52,10,LOCKED,-70
2026-08-26T18:49:02.150315,19.039767,73.142538,41.5,31.6,35.7,28.6,69.7,5.7,54,51,10,LOCKED,-70
2026-08-26T18:49:04.150315,19.039768,73.142554,41.6,29.3,58.5,28.6,69.6,5.6,55,51,10,LOCKED,-70
2026-08-26T18:49:06.150315,19.039768,73.142570,41.5,27.7,42.3,28.6,69.6,5.6,56,51,10,LOCKED,-70
2026-08-26T18:49:08.150315,19.039769,73.142585,41.5,23.5,49.6,28.6,69.6,5.5,55,51,10,LOCKED,-70
2026-08-26T18:49:10.150315,19.039769,73.142600,41.6,29.1,47.0,28.6,69.7,5.6,54,51,10,LOCKED,-70
2026-08-26T18:49:12.150315,19.039770,73.142616,41.5,27.3,36.5,28.6,69.7,5.6,56,51,10,LOCKED,-70
2026-08-26T18:49:14.150315,19.039771,73.142633,41.6,23.3,57.8,28.6,69.7,5.6,58,51,10,LOCKED,-71
2026-08-26T18:49:16.150315,19.039772,73.142649,41.7,33.2,39.9,28.6,69.8,5.6,57,51,10,LOCKED,-70
2026-08-26T18:49:18.150315,19.039773,73.142666,41.6,27.5,58.3,28.6,69.7,5.6,58,51,10,LOCKED,-70
2026-08-26T18:49:20.150315,19.039774,73.142683,41.6,34.6,42.6,28.6,69.7,5.6,59,51,9,LOCKED,-70
2026-08-26T18:49:22.150315,19.039776,73.142701,41.5,22.7,51.3,28.6,69.7,5.6,61,51,9,LOCKED,-70
2026-08-26T18:49:24.150315,19.039777,73.142718,41.5,21.7,55.1,28.6,69.7,5.7,60,51,8,LOCKED,-69
2026-08-26T18:49:26.150315,19.039778,73.142736,41.5,24.3,38.4,28.5,69.7,5.7,59,51,8,LOCKED,-70
2026-08-26T18:49:28.150315,19.039780,73.142753,41.5,23.4,49.3,28.6,69.8,5.8,59,51,8,LOCKED,-69
2026-08-26T18:49:30.150315,19.039781,73.142772,41.6,26.3,37.6,28.5,69.7,5.9,61,51,8,LOCKED,-69
2026-08-26T18:49:32.150315,19.039783,73.142790,41.6,29.3,59.9,28.5,69.8,5.8,60,51,8,LOCKED,-68
2026-08-26T18:49:34.150315,19.039785,73.142808,41.6,22.9,44.8,28.5,69.8,5.8,58,51,8,LOCKED,-68
2026-08-26T18:49:36.150315,19.039786,73.142826,41.6,21.0,49.8,28.5,69.8,5.8,60,51,8,LOCKED,-68
2026-08-26T18:49:38.150315,19.039788,73.142844,41.5,26.7,57.1,28.5,69.8,5.9,61,51,8,LOCKED,-68
2026-08-26T18:49:40.150315,19.039790,73.142863,41.6,25.8,36.7,28.5,69.7,5.8,61,51,8,LOCKED,-68
2026-08-26T18:49:42.150315,19.039792,73.142882,41.6,23.0,44.6,28.5,69.7,5.8,61,51,8,LOCKED,-69
2026-08-26T18:49:44.150315,19.039793,73.142900,41.5,20.0,56.7,28.5,69.6,5.8,59,51,8,LOCKED,-69
2026-08-26T18:49:46.150315,19.039795,73.142917,41.5,26.9,39.1,28.5,69.7,5.8,57,51,9,LOCKED,-69
2026-08-26T18:49:48.150315,19.039796,73.142934,41.4,22.9,54.6,28.5,69.6,5.8,58,51,9,LOCKED,-68
2026-08-26T18:49:50.150315,19.039797,73.142952,41.3,29.0,37.7,28.5,69.7,5.8,58,51,9,LOCKED,-68
2026-08-26T18:49:52.150315,19.039799,73.142970,41.3,23.8,44.2,28.5,69.6,5.9,60,51,8,LOCKED,-68
2026-08-26T18:49:54.150315,19.039801,73.142988,41.4,22.0,47.3,28.5,69.6,5.9,60,51,8,LOCKED,-68
2026-08-26T18:49:56.150315,19.039803,73.143007,41.3,32.4,42.8,28.5,69.6,5.9,61,51,8,LOCKED,-68
2026-08-26T18:49:58.150315,19.039805,73.143027,41.3,24.5,53.2,28.5,69.7,5.9,62,51,8,LOCKED,-68
2026-08-26T18:50:00.150315,19.039807,73.143046,41.3,23.7,53.0,28.5,69.7,6.0,60,51,8,LOCKED,-68
2026-08-26T18:50:02.150315,19.039809,73.143065,41.4,30.8,40.6,28.5,69.8,6.0,61,50,8,LOCKED,-68
2026-08-26T18:50:04.150315,19.039811,73.143084,41.5,23.7,37.6,28.5,69.8,6.0,60,50,8,LOCKED,-68
2026-08-26T18:50:06.150315,19.039813,73.143104,41.4,32.9,37.0,28.5,69.8,6.0,62,50,8,LOCKED,-68
2026-08-26T18:50:08.150315,19.039816,73.143125,41.4,22.7,59.9,28.5,69.7,6.1,63,50,8,LOCKED,-68
2026-08-26T18:50:10.150315,19.039819,73.143145,41.3,31.5,42.6,28.6,69.7,6.0,63,50,8,LOCKED,-68
2026-08-26T18:50:12.150315,19.039821,73.143165,41.3,23.2,37.0,28.6,69.7,6.1,61,50,8,LOCKED,-68
2026-08-26T18:50:14.150315,19.039823,73.143184,41.2,30.3,46.9,28.6,69.7,6.1,59,50,8,LOCKED,-68
2026-08-26T18:50:16.150315,19.039825,73.143203,41.1,28.1,49.0,28.6,69.7,6.1,60,50,8,LOCKED,-67
2026-08-26T18:50:18.150315,19.039827,73.143223,41.2,27.1,44.9,28.6,69.8,6.0,60,50,8,LOCKED,-67
2026-08-26T18:50:20.150315,19.039830,73.143242,41.3,27.8,40.8,28.6,69.8,6.0,61,50,8,LOCKED,-68
2026-08-26T18:50:22.150315,19.039832,73.143263,41.4,29.7,45.1,28.6,69.8,6.0,63,50,8,LOCKED,-68
2026-08-26T18:50:24.150315,19.039835,73.143283,41.3,30.8,57.2,28.6,69.8,5.9,63,50,8,LOCKED,-67
2026-08-26T18:50:26.150315,19.039837,73.143303,41.3,27.0,55.9,28.6,69.8,6.0,63,50,8,LOCKED,-67
2026-08-26T18:50:28.150315,19.039840,73.143323,41.3,26.5,40.4,28.6,69.8,6.0,63,50,8,LOCKED,-67
2026-08-26T18:50:30.150315,19.039843,73.143345,41.3,34.8,55.4,28.6,69.8,6.1,65,50,8,LOCKED,-66
2026-08-26T18:50:32.150315,19.039845,73.143365,41.4,20.8,42.7,28.6,69.8,6.1,63,50,8,LOCKED,-67
2026-08-26T18:50:34.150315,19.039848,73.143386,41.3,30.8,55.0,28.6,69.8,6.1,63,50,8,LOCKED,-66
2026-08-26T18:50:36.150315,19.039850,73.143406,41.4,31.0,58.2,28.6,69.8,6.1,61,50,8,LOCKED,-67
2026-08-26T18:50:38.150315,19.039853,73.143426,41.4,26.0,54.3,28.6,69.8,6.1,62,50,8,LOCKED,-66
2026-08-26T18:50:40.150315,19.039856,73.143447,41.4,33.9,49.9,28.6,69.8,6.2,63,50,8,LOCKED,-66
2026-08-26T18:50:42.150315,19.039858,73.143467,41.4,27.1,47.5,28.6,69.8,6.2,61,50,8,LOCKED,-67
2026-08-26T18:50:44.150315,19.039861,73.143487,41.4,30.7,48.9,28.6,69.8,6.3,61,50,8,LOCKED,-67
2026-08-26T18:50:46.150315,19.039863,73.143507,41.4,29.4,42.8,28.6,69.8,6.2,59,50,8,LOCKED,-67
2026-08-26T18:50:48.150315,19.039865,73.143526,41.4,33.2,55.0,28.6,69.8,6.2,58,50,8,LOCKED,-67
2026-08-26T18:50:50.150315,19.039867,73.143545,41.4,26.4,55.6,28.6,69.8,6.3,59,50,8,LOCKED,-67
2026-08-26T18:50:52.150315,19.039869,73.143565,41.4,20.7,46.8,28.6,69.8,6.2,59,50,8,LOCKED,-66
2026-08-26T18:50:54.150315,19.039872,73.143585,41.5,20.7,48.1,28.6,69.8,6.1,61,50,8,LOCKED,-66
2026-08-26T18:50:56.150315,19.039874,73.143604,41.4,25.1,39.2,28.6,69.9,6.2,59,50,8,LOCKED,-67
2026-08-26T18:50:58.150315,19.039876,73.143624,41.5,29.9,50.0,28.6,69.8,6.2,60,50,8,LOCKED,-67
2026-08-26T18:51:00.150315,19.039878,73.143643,41.5,30.7,43.0,28.6,69.8,6.3,58,50,9,LOCKED,-67
